campaign_id,customer_id,accepted_cmp3,accepted_cmp4,accepted_cmp5,accepted_cmp1,accepted_cmp2,response,complain
1,0,0,0,0,0,0,0,0
2,1,0,0,0,0,1,1,0
3,9,0,0,0,0,0,0,0
4,13,0,0,0,0,0,0,0
5,17,0,0,0,0,0,0,0
6,20,0,0,0,0,0,0,0
7,22,0,0,0,0,0,0,0
8,24,0,0,0,0,0,0,0
9,25,0,0,0,0,0,0,0
10,35,0,0,0,0,0,1,0
11,48,0,1,0,0,0,0,0
12,49,0,0,0,0,0,0,0
13,55,0,0,0,0,0,0,0
14,67,0,0,0,0,0,0,0
15,73,0,0,0,0,0,0,0
16,75,0,0,0,0,0,0,0
17,78,0,0,0,0,0,0,0
18,87,0,0,0,0,0,0,0
19,89,0,0,0,0,0,0,0
20,92,0,0,0,0,0,0,0
21,113,0,0,0,0,0,0,0
22,115,0,0,0,0,0,0,0
23,123,0,0,0,0,0,0,0
24,125,0,1,0,0,0,0,0
25,143,0,0,0,0,0,0,0
26,146,0,0,0,1,0,0,0
27,153,0,0,0,0,0,0,0
28,158,1,0,0,0,0,1,0
29,164,0,0,0,0,0,0,0
30,175,1,0,1,0,0,0,0
31,176,0,0,0,0,0,0,0
32,178,0,0,0,0,0,0,0
33,182,0,0,0,0,0,0,0
34,193,1,0,0,0,0,0,0
35,194,0,0,0,0,0,0,0
36,195,1,0,0,0,0,1,0
37,199,0,1,0,0,0,0,0
38,202,0,0,0,0,0,0,0
39,203,0,0,0,0,0,0,0
40,213,0,0,0,0,0,0,0
41,217,0,0,0,0,0,0,0
42,221,0,0,0,0,0,0,0
43,231,0,0,0,0,0,0,0
44,232,0,0,0,0,0,0,0
45,234,1,0,0,0,0,1,0
46,236,0,0,0,0,0,0,0
47,238,0,0,0,0,0,0,0
48,241,0,0,1,0,0,0,0
49,246,0,0,0,0,0,0,0
50,247,0,0,0,0,0,1,0
51,252,0,0,0,0,0,0,0
52,254,0,1,0,0,0,0,0
53,255,0,0,0,0,0,0,1
54,257,0,0,0,0,0,0,0
55,263,0,0,0,0,0,1,0
56,269,0,0,0,0,0,0,0
57,271,1,0,0,0,0,0,0
58,273,0,1,0,0,0,0,0
59,274,0,0,0,0,0,0,0
60,286,0,0,0,0,0,0,0
61,291,0,0,0,0,0,0,0
62,295,0,0,0,0,0,0,0
63,304,0,0,0,0,0,0,0
64,309,0,1,0,0,0,0,0
65,310,0,0,0,0,0,0,0
66,313,0,1,0,0,0,0,0
67,322,0,0,0,0,0,0,0
68,326,0,0,0,0,0,0,0
69,332,0,1,0,0,0,0,0
70,339,0,1,0,0,0,1,0
71,340,1,0,0,0,0,1,0
72,347,0,0,0,0,0,0,0
73,359,0,0,0,0,0,0,1
74,361,0,0,0,0,0,0,0
75,367,0,0,0,0,0,0,0
76,368,0,0,0,0,0,0,0
77,375,0,0,0,0,0,0,0
78,378,0,0,0,0,0,0,0
79,380,1,0,0,0,0,1,0
80,387,0,0,0,0,0,0,0
81,405,1,0,0,0,0,0,0
82,425,0,0,0,0,0,0,0
83,433,0,0,0,0,0,0,0
84,437,0,0,0,0,0,0,0
85,448,0,0,0,0,0,0,0
86,450,0,0,0,0,0,0,0
87,451,0,0,0,0,0,0,0
88,453,0,0,0,0,0,0,0
89,454,0,0,0,0,0,0,0
90,455,0,0,0,0,0,0,0
91,456,0,0,0,0,0,0,0
92,460,0,0,0,0,0,0,0
93,466,0,0,0,0,0,0,0
94,477,1,0,1,1,1,1,0
95,486,0,0,0,0,0,0,0
96,492,0,0,0,0,0,0,0
97,498,0,0,0,0,0,0,0
98,500,0,1,1,1,0,1,0
99,503,0,0,0,0,0,0,0
100,520,0,0,0,0,0,0,0
101,521,0,0,0,0,0,0,0
102,523,0,0,0,0,0,0,0
103,524,0,0,0,0,0,0,0
104,528,0,0,0,0,0,0,0
105,531,0,0,0,0,0,1,0
106,535,0,0,0,0,0,0,0
107,538,0,0,0,0,0,0,0
108,544,0,0,0,0,0,0,0
109,550,0,0,0,0,0,0,0
110,564,0,1,0,0,0,1,0
111,569,0,1,1,1,0,1,0
112,574,0,0,0,0,0,0,0
113,577,0,0,0,0,0,0,0
114,590,0,0,0,0,0,1,0
115,591,0,0,0,0,0,0,0
116,606,0,0,0,0,0,0,0
117,607,0,0,0,0,0,0,0
118,610,0,0,0,0,0,0,0
119,615,0,0,0,0,0,0,0
120,618,0,0,0,0,0,0,0
121,624,1,0,0,0,0,1,0
122,626,0,0,0,0,0,0,0
123,635,0,0,0,0,0,0,0
124,640,0,0,0,0,0,0,0
125,641,1,0,0,0,0,0,0
126,642,0,0,0,0,0,0,0
127,663,0,0,0,0,0,0,0
128,675,0,0,0,0,0,0,0
129,679,0,0,0,0,0,0,0
130,692,0,0,0,0,0,0,0
131,697,0,0,1,0,0,0,0
132,701,1,0,0,0,0,0,0
133,702,0,0,0,0,0,0,0
134,709,0,0,0,0,0,0,0
135,713,0,0,0,0,0,0,0
136,716,0,0,0,0,0,0,0
137,736,0,0,0,0,0,0,0
138,737,0,1,1,1,0,0,0
139,738,0,0,0,0,0,0,0
140,749,1,0,0,0,0,1,0
141,760,0,0,0,0,0,0,0
142,762,0,0,0,0,0,0,0
143,771,0,0,0,0,0,0,0
144,773,0,0,0,0,0,0,0
145,793,0,0,0,0,0,0,0
146,796,0,0,0,0,0,0,0
147,798,0,0,0,0,0,0,0
148,800,0,0,0,0,0,0,0
149,803,0,0,0,0,0,0,0
150,807,0,0,0,0,0,0,0
151,810,0,0,0,0,0,0,0
152,819,0,0,0,0,0,0,0
153,821,0,0,0,0,0,0,0
154,830,0,0,1,1,0,1,0
155,832,0,0,0,0,0,0,0
156,833,0,0,0,0,0,0,0
157,837,0,0,0,0,0,0,0
158,839,0,0,0,0,0,0,0
159,843,0,0,0,0,0,0,0
160,849,0,0,0,0,0,0,0
161,850,0,0,0,0,0,0,0
162,851,0,0,0,0,0,0,0
163,868,0,0,0,0,0,0,0
164,873,0,1,0,0,0,1,0
165,879,0,0,0,0,0,0,0
166,880,0,0,0,0,0,0,0
167,891,0,0,0,0,0,0,0
168,895,0,0,0,0,0,0,0
169,898,0,0,0,0,0,0,0
170,902,0,0,0,0,0,0,0
171,905,0,0,0,0,0,0,0
172,907,0,0,0,0,0,0,0
173,916,0,0,0,0,0,0,0
174,922,1,0,0,0,0,0,0
175,933,0,0,0,0,0,0,0
176,938,1,0,0,0,0,0,0
177,940,0,0,0,0,0,0,0
178,942,0,0,0,0,0,1,0
179,944,0,0,0,0,0,0,0
180,945,0,0,0,0,0,0,0
181,946,0,0,0,0,0,0,0
182,948,0,0,0,0,0,0,0
183,954,0,0,0,0,0,0,0
184,955,1,0,0,0,0,1,0
185,961,0,0,0,0,0,0,0
186,965,0,0,0,0,0,0,0
187,966,0,1,0,0,0,0,0
188,967,0,0,0,0,0,1,0
189,968,0,0,0,0,0,0,0
190,975,0,0,0,0,0,0,0
191,977,0,0,0,0,0,0,0
192,979,0,0,0,0,0,0,0
193,983,1,0,0,0,0,0,0
194,988,0,0,0,1,0,0,0
195,999,0,1,1,0,0,1,0
196,1000,0,0,0,0,0,0,0
197,1008,1,0,0,0,0,0,0
198,1010,0,0,0,0,0,0,0
199,1012,0,0,0,0,0,0,0
200,1016,0,0,0,0,0,0,0
201,1020,0,0,1,0,0,0,0
202,1029,0,0,0,0,0,0,0
203,1030,0,0,0,0,0,0,0
204,1031,0,0,1,0,0,0,0
205,1041,0,0,0,0,0,1,0
206,1044,0,0,0,0,0,0,0
207,1045,0,0,0,0,0,0,0
208,1048,0,0,0,0,0,1,0
209,1050,0,0,0,0,0,0,0
210,1052,0,0,0,0,0,0,0
211,1055,0,0,0,0,0,0,0
212,1064,0,0,0,0,0,0,0
213,1065,0,0,0,0,0,0,0
214,1071,0,0,0,0,0,0,0
215,1072,0,0,0,0,0,0,0
216,1077,0,0,0,0,0,0,0
217,1079,0,1,0,0,0,0,0
218,1081,0,0,0,0,0,0,0
219,1087,0,0,0,0,0,1,0
220,1092,0,0,0,0,0,0,0
221,1100,0,0,0,0,0,0,0
222,1103,1,0,1,0,0,1,0
223,1109,0,0,0,0,0,0,0
224,1118,1,0,0,0,0,0,0
225,1127,0,0,1,0,0,0,0
226,1131,0,0,0,0,0,0,0
227,1135,0,0,0,0,0,0,0
228,1137,1,0,0,1,0,0,0
229,1139,1,0,1,1,0,1,0
230,1142,0,0,0,0,0,0,0
231,1143,0,0,0,0,0,0,0
232,1146,1,0,0,0,0,1,0
233,1150,0,0,1,0,0,0,0
234,1158,0,0,0,0,0,0,0
235,1160,0,0,0,0,0,0,0
236,1162,0,0,0,0,0,1,0
237,1165,0,0,0,0,0,0,0
238,1168,0,0,0,0,0,0,0
239,1170,0,0,0,0,0,0,0
240,1172,0,1,1,1,0,1,0
241,1173,0,1,1,0,0,1,0
242,1175,1,0,0,0,0,1,0
243,1176,0,0,0,0,0,0,0
244,1177,0,0,0,0,0,0,0
245,1183,0,0,0,0,0,0,0
246,1184,0,0,0,0,0,0,0
247,1204,0,0,0,1,0,0,0
248,1212,1,0,0,0,0,0,0
249,1215,0,0,0,1,0,0,0
250,1225,1,0,0,0,0,0,0
251,1232,0,0,0,0,0,0,0
252,1241,0,0,0,0,0,1,0
253,1245,0,1,0,0,0,0,0
254,1250,0,0,0,0,0,0,0
255,1272,0,0,0,0,0,0,0
256,1277,0,0,0,1,0,0,0
257,1291,0,0,0,0,0,0,0
258,1295,0,0,0,0,0,0,0
259,1307,0,0,0,0,0,0,0
260,1321,0,0,0,0,0,0,0
261,1324,0,0,0,0,0,0,0
262,1328,0,0,0,0,0,0,0
263,1331,0,0,0,0,0,0,0
264,1340,0,1,1,1,0,0,0
265,1343,0,0,0,0,0,0,0
266,1349,0,0,0,0,0,0,0
267,1351,0,0,1,0,0,0,0
268,1357,0,0,0,0,0,0,0
269,1361,0,1,1,0,0,1,0
270,1362,0,0,0,0,0,0,0
271,1371,0,0,0,0,0,0,0
272,1377,0,0,0,0,0,0,0
273,1378,0,0,0,0,0,0,0
274,1379,0,0,0,0,0,0,0
275,1381,0,0,0,0,0,1,0
276,1384,1,0,0,0,0,0,0
277,1386,0,0,0,0,0,0,0
278,1388,0,0,0,0,0,0,0
279,1399,0,0,0,1,0,0,0
280,1402,0,0,0,0,0,0,0
281,1403,0,0,0,0,0,0,0
282,1404,0,0,0,0,0,0,0
283,1406,0,0,0,0,0,0,0
284,1407,0,0,0,0,0,0,0
285,1409,0,0,0,0,0,0,0
286,1411,0,0,0,0,0,0,0
287,1419,0,0,0,0,0,0,0
288,1440,0,0,0,0,0,0,0
289,1446,0,0,0,0,0,0,0
290,1448,0,0,0,0,0,0,0
291,1453,0,0,0,0,0,0,0
292,1456,0,0,0,0,0,0,0
293,1458,0,0,0,0,0,0,0
294,1459,0,0,0,0,0,0,0
295,1461,0,0,0,0,0,0,0
296,1463,0,0,0,0,0,0,0
297,1473,0,0,0,0,0,0,0
298,1490,0,0,0,0,0,0,0
299,1491,0,0,0,0,0,0,0
300,1497,0,0,0,0,0,0,0
301,1501,0,0,0,0,0,0,0
302,1502,0,0,0,0,0,0,0
303,1503,0,0,0,0,0,0,0
304,1506,0,0,0,0,0,1,0
305,1509,0,1,1,1,1,1,0
306,1513,0,0,0,0,0,0,0
307,1515,0,0,0,0,0,0,0
308,1517,0,0,0,0,0,0,0
309,1518,0,0,0,0,0,0,0
310,1519,0,0,0,0,0,1,0
311,1523,0,0,0,0,0,0,0
312,1524,0,0,0,1,0,1,0
313,1542,0,0,0,0,0,0,0
314,1544,0,0,0,0,0,0,0
315,1545,0,0,0,0,0,0,0
316,1553,0,1,0,1,0,0,0
317,1570,0,0,0,0,0,0,0
318,1577,0,0,1,0,0,1,0
319,1581,0,0,0,0,0,1,0
320,1584,0,0,0,0,0,0,0
321,1592,0,0,1,1,0,0,0
322,1600,0,0,0,0,0,0,0
323,1604,0,0,0,0,0,0,0
324,1606,0,0,0,0,0,0,0
325,1612,0,0,0,0,0,0,0
326,1618,1,0,0,0,0,1,0
327,1619,0,0,0,0,0,1,0
328,1626,1,0,0,0,0,1,0
329,1627,0,0,0,1,0,0,0
330,1628,0,0,0,0,0,0,0
331,1630,0,0,0,0,0,0,0
332,1631,0,0,0,0,0,1,0
333,1640,0,0,0,0,0,0,0
334,1646,0,0,0,0,0,0,0
335,1650,0,0,0,0,0,0,0
336,1655,0,0,0,0,0,0,0
337,1663,0,0,0,0,0,0,0
338,1665,1,0,1,0,1,1,0
339,1672,0,0,0,0,0,0,0
340,1676,0,0,0,0,0,0,0
341,1685,0,1,0,0,0,0,0
342,1710,0,0,0,0,0,0,0
343,1715,0,0,0,0,0,0,0
344,1717,0,0,0,0,0,0,0
345,1726,1,0,0,0,0,1,0
346,1729,0,0,0,0,0,0,0
347,1734,0,0,0,0,0,0,0
348,1740,0,1,0,0,0,0,0
349,1743,0,0,0,0,0,0,0
350,1744,0,0,0,0,0,0,0
351,1745,0,0,0,0,0,1,0
352,1755,0,0,0,0,0,0,0
353,1763,1,0,1,1,0,1,0
354,1764,0,0,0,0,0,0,0
355,1772,0,0,1,1,0,1,0
356,1773,0,0,0,0,0,0,0
357,1777,0,0,0,0,0,0,0
358,1802,0,0,0,0,0,0,0
359,1818,0,0,0,0,0,0,0
360,1826,0,0,0,0,0,1,0
361,1829,0,1,0,0,0,1,0
362,1833,0,0,0,0,0,0,0
363,1834,0,0,0,0,0,0,0
364,1839,0,0,0,0,0,0,0
365,1857,0,0,0,0,0,1,0
366,1859,0,0,0,0,0,1,0
367,1867,0,0,0,0,0,1,0
368,1876,0,0,0,0,0,0,0
369,1878,0,0,0,0,0,0,0
370,1880,0,0,0,0,0,0,0
371,1890,0,0,0,0,0,0,0
372,1891,0,0,0,0,0,1,0
373,1907,0,0,0,0,0,1,0
374,1911,0,0,0,0,0,0,0
375,1915,0,0,0,0,0,0,0
376,1916,0,0,0,0,0,0,0
377,1920,0,0,0,0,0,0,0
378,1921,0,0,0,0,0,0,0
379,1927,0,0,0,0,0,0,0
380,1928,1,0,0,0,0,0,0
381,1940,0,0,0,0,0,0,0
382,1945,0,1,0,1,0,0,0
383,1951,0,0,0,0,0,0,0
384,1958,0,0,0,0,0,0,0
385,1964,0,0,0,0,0,0,0
386,1966,0,0,1,0,0,0,0
387,1968,0,0,0,0,0,0,0
388,1970,0,0,0,0,0,0,0
389,1987,0,0,0,0,0,0,0
390,1990,1,0,0,0,0,0,0
391,1991,0,0,0,0,0,0,0
392,1992,0,0,0,1,0,1,0
393,1993,0,1,0,0,0,0,0
394,1994,0,0,0,0,0,0,0
395,1998,0,0,0,0,0,0,0
396,2002,0,0,0,0,0,0,0
397,2004,0,0,0,0,0,0,0
398,2005,0,0,0,0,0,0,0
399,2008,0,0,0,1,0,0,0
400,2021,0,0,0,0,0,0,0
401,2036,0,0,0,0,0,0,0
402,2055,1,0,0,0,0,0,0
403,2061,0,1,0,0,0,0,0
404,2066,0,0,0,0,0,0,0
405,2072,1,0,0,0,0,1,0
406,2075,0,0,0,0,0,0,0
407,2079,0,0,0,0,0,0,0
408,2088,0,1,1,0,1,0,0
409,2098,0,0,0,0,0,0,0
410,2106,0,0,0,0,0,0,0
411,2109,0,0,1,0,0,1,0
412,2114,0,0,1,1,0,1,0
413,2115,0,1,0,0,0,0,0
414,2118,0,0,0,0,0,0,0
415,2125,0,0,0,0,0,0,0
416,2130,0,0,0,0,0,1,0
417,2131,0,0,0,0,0,0,0
418,2134,0,0,0,0,0,0,0
419,2139,0,0,0,0,0,0,0
420,2147,0,0,1,1,0,0,0
421,2150,0,0,0,0,0,0,0
422,2154,0,0,0,0,0,0,0
423,2156,0,0,0,0,0,0,0
424,2157,0,0,0,0,0,0,0
425,2162,0,0,0,0,0,0,0
426,2166,0,0,0,0,0,0,0
427,2173,0,0,0,0,0,0,0
428,2174,0,0,0,0,0,0,0
429,2176,0,1,1,1,0,1,0
430,2181,0,0,0,0,0,0,0
431,2186,0,1,1,1,0,1,0
432,2202,0,0,0,0,0,0,0
433,2217,0,0,0,0,0,0,0
434,2223,0,0,0,0,0,0,0
435,2225,1,0,0,1,0,1,0
436,2227,0,0,0,0,0,0,0
437,2230,0,0,0,0,0,0,0
438,2245,0,0,0,0,0,0,0
439,2246,0,0,0,0,0,0,0
440,2253,0,0,0,0,0,0,0
441,2254,0,0,0,0,0,0,0
442,2256,0,0,0,0,0,0,0
443,2258,0,0,0,0,0,0,0
444,2261,0,0,0,0,0,0,0
445,2262,0,0,0,0,0,0,0
446,2276,0,0,0,0,0,0,0
447,2278,0,0,0,0,0,0,0
448,2281,1,0,0,0,0,0,0
449,2285,0,0,0,0,0,0,0
450,2286,0,0,0,0,0,0,0
451,2292,0,0,0,0,0,0,0
452,2295,0,0,0,0,0,0,0
453,2296,1,0,0,0,0,0,0
454,2304,0,0,0,0,0,0,0
455,2308,0,0,0,0,0,0,0
456,2315,0,0,0,0,0,0,0
457,2320,0,0,0,0,0,0,0
458,2324,1,0,0,0,0,0,0
459,2326,0,0,0,0,0,0,0
460,2337,0,0,0,0,0,0,0
461,2345,0,0,0,0,0,0,0
462,2350,0,1,0,0,0,0,0
463,2371,0,0,0,0,0,0,0
464,2375,0,0,0,0,0,0,0
465,2379,0,0,0,0,0,1,0
466,2387,0,0,0,0,0,1,0
467,2392,0,0,0,0,0,0,0
468,2404,0,0,0,0,0,0,0
469,2406,0,0,0,0,0,0,0
470,2407,0,0,1,0,0,1,0
471,2408,0,0,0,0,0,0,0
472,2410,0,0,0,0,0,0,0
473,2415,0,0,0,1,0,0,0
474,2416,0,0,0,0,0,0,0
475,2426,0,0,0,0,0,1,0
476,2428,0,0,0,0,0,0,0
477,2429,0,0,0,0,0,0,0
478,2431,0,0,0,0,0,0,0
479,2437,0,1,0,1,0,0,0
480,2445,0,0,0,0,0,0,0
481,2447,0,0,0,0,0,0,0
482,2452,0,0,0,0,0,1,0
483,2453,0,0,0,0,0,0,0
484,2456,0,0,0,0,0,0,0
485,2457,0,0,0,0,0,0,0
486,2461,0,0,0,0,0,0,0
487,2471,0,0,0,0,0,0,0
488,2478,0,0,0,0,0,0,0
489,2488,0,0,0,0,0,0,0
490,2493,0,0,0,0,0,0,0
491,2495,0,0,0,0,0,0,0
492,2499,0,0,0,0,0,0,0
493,2516,0,0,0,0,0,0,0
494,2518,0,0,0,0,0,0,0
495,2521,1,0,0,0,0,1,0
496,2525,0,0,0,0,0,1,0
497,2532,1,0,0,0,0,0,0
498,2534,0,0,0,0,0,0,0
499,2535,0,1,1,1,0,1,0
500,2541,0,0,0,0,0,0,0
501,2544,0,0,0,0,0,0,0
502,2546,0,0,0,0,0,0,0
503,2549,0,0,0,0,0,0,0
504,2552,0,1,0,0,0,1,0
505,2557,1,0,0,0,0,0,0
506,2561,0,1,0,0,0,0,0
507,2563,0,0,0,0,0,0,0
508,2564,0,0,0,0,0,0,0
509,2565,0,1,0,0,0,0,0
510,2569,0,0,0,0,0,0,0
511,2570,0,1,0,0,1,1,0
512,2574,0,1,0,1,1,1,0
513,2579,0,0,0,0,0,0,0
514,2587,0,0,0,0,0,0,0
515,2589,0,0,0,0,0,0,0
516,2591,0,0,0,0,0,0,0
517,2607,0,0,0,0,0,0,0
518,2611,0,0,1,0,0,0,0
519,2612,0,0,0,1,0,0,0
520,2613,0,0,0,0,0,0,0
521,2620,0,0,0,0,0,1,0
522,2625,0,0,0,0,0,0,0
523,2631,0,0,0,0,0,0,0
524,2632,1,0,0,0,0,1,0
525,2634,0,0,0,0,0,1,0
526,2639,0,0,0,0,0,0,0
527,2656,0,0,0,0,0,0,0
528,2661,0,0,0,0,0,0,0
529,2666,0,1,0,0,0,0,0
530,2669,0,0,0,0,0,0,0
531,2674,0,0,0,0,0,1,0
532,2677,0,0,0,0,0,0,0
533,2678,0,0,0,0,0,0,0
534,2681,0,0,0,0,0,0,0
535,2683,0,0,0,0,0,0,0
536,2686,0,0,0,0,0,0,0
537,2694,0,0,0,0,0,0,0
538,2698,0,0,0,0,0,0,0
539,2711,0,0,0,0,0,0,0
540,2712,0,0,0,0,0,0,0
541,2715,0,0,0,0,0,1,0
542,2724,0,0,0,0,0,0,0
543,2727,0,0,0,0,0,0,0
544,2730,0,0,0,0,0,0,0
545,2736,0,0,0,0,0,0,0
546,2740,0,0,0,0,0,0,0
547,2747,0,0,0,0,0,0,0
548,2781,0,0,1,1,0,1,0
549,2782,0,0,0,0,0,0,0
550,2793,0,0,0,0,0,0,0
551,2795,0,0,0,0,0,0,0
552,2797,0,0,0,0,0,0,0
553,2798,0,1,1,1,0,1,0
554,2802,0,0,0,0,0,0,0
555,2804,0,0,0,0,0,1,0
556,2807,0,0,0,0,0,0,0
557,2811,0,0,0,0,0,0,0
558,2814,0,0,0,0,0,0,0
559,2815,0,0,0,0,0,0,0
560,2826,0,0,0,0,0,0,0
561,2829,0,1,0,1,0,0,0
562,2831,0,0,0,0,0,0,0
563,2836,0,0,0,0,0,0,0
564,2849,0,0,0,0,0,0,0
565,2853,0,0,0,0,0,0,0
566,2861,0,0,0,0,0,0,0
567,2863,0,1,0,1,0,0,0
568,2868,0,0,0,0,0,1,0
569,2870,0,0,0,0,0,0,0
570,2874,0,0,0,0,0,0,0
571,2875,0,0,0,0,0,0,1
572,2877,0,0,0,0,0,0,0
573,2878,0,0,0,0,0,0,0
574,2882,0,0,0,0,0,0,0
575,2886,0,1,0,1,0,0,0
576,2891,0,0,0,0,0,0,0
577,2894,0,1,1,1,0,1,0
578,2895,0,0,0,0,0,0,0
579,2902,0,0,0,0,0,0,0
580,2909,0,1,1,0,0,0,0
581,2918,0,0,0,0,0,0,0
582,2920,0,0,0,0,0,0,0
583,2926,0,1,0,0,1,0,0
584,2928,0,0,0,0,0,0,0
585,2929,0,0,0,0,0,0,0
586,2930,0,0,0,0,0,0,0
587,2931,0,0,0,1,0,0,0
588,2936,0,0,0,0,0,0,0
589,2937,0,0,0,0,0,0,0
590,2939,0,0,0,0,0,0,0
591,2942,1,0,0,0,0,0,0
592,2945,1,0,0,0,1,0,0
593,2948,0,0,0,0,0,0,0
594,2952,0,0,0,0,0,0,0
595,2958,0,0,0,0,0,0,0
596,2961,1,0,0,0,0,0,0
597,2963,0,0,0,0,0,0,0
598,2964,0,0,0,0,0,0,0
599,2968,1,0,0,0,0,1,0
600,2975,0,0,0,1,0,0,0
601,2980,0,0,0,0,0,0,0
602,2986,0,0,0,0,0,0,0
603,2995,0,0,0,0,0,0,0
604,3005,1,0,0,1,0,1,0
605,3006,0,0,0,0,0,0,0
606,3007,0,0,0,0,0,0,0
607,3009,0,1,1,0,1,1,0
608,3010,1,0,1,1,0,0,0
609,3011,0,0,0,0,0,0,0
610,3025,0,0,0,0,0,0,0
611,3032,0,0,0,0,0,0,0
612,3033,0,0,0,0,0,0,0
613,3037,0,0,0,0,0,0,0
614,3050,0,0,0,0,0,0,0
615,3056,0,0,0,0,0,0,0
616,3066,0,0,0,0,0,0,0
617,3068,0,0,0,0,0,0,0
618,3074,0,0,0,0,0,1,0
619,3075,0,0,0,0,0,0,0
620,3076,0,0,0,0,0,0,0
621,3081,0,0,0,0,0,0,0
622,3083,0,0,0,0,0,0,0
623,3091,0,0,0,0,0,0,0
624,3099,0,0,0,0,0,0,0
625,3102,0,0,0,0,0,0,0
626,3104,0,0,1,0,0,1,0
627,3107,0,0,0,0,0,0,0
628,3112,0,0,0,0,0,0,0
629,3117,0,0,0,0,0,0,0
630,3120,0,0,0,0,0,0,1
631,3129,0,0,0,0,0,0,0
632,3130,0,0,0,0,0,0,0
633,3136,0,0,0,0,0,0,0
634,3138,0,1,1,1,1,1,0
635,3139,0,1,0,0,0,0,0
636,3152,0,0,0,0,0,0,0
637,3153,0,0,0,0,0,0,0
638,3158,0,0,0,0,0,0,0
639,3170,0,0,0,0,0,0,0
640,3174,0,1,1,1,1,1,0
641,3179,0,0,0,0,0,0,0
642,3182,1,0,0,0,0,1,0
643,3194,0,0,0,0,0,0,0
644,3197,0,0,0,0,0,0,0
645,3202,0,1,1,0,0,0,0
646,3220,0,0,0,0,0,0,0
647,3225,1,0,0,0,0,1,0
648,3231,0,0,0,0,0,0,0
649,3233,0,0,0,0,0,0,0
650,3254,0,0,0,0,0,0,0
651,3262,0,0,0,0,0,1,0
652,3265,0,0,0,0,0,0,0
653,3266,0,0,0,0,0,0,0
654,3267,0,1,0,0,0,0,0
655,3270,0,0,0,0,0,0,0
656,3276,0,0,0,0,0,0,0
657,3277,0,0,0,0,0,0,0
658,3281,0,0,0,0,0,0,0
659,3283,0,0,0,0,0,0,0
660,3286,0,0,0,0,0,0,0
661,3298,0,0,0,0,0,0,0
662,3308,0,0,0,0,0,0,0
663,3310,0,0,0,0,0,0,0
664,3312,0,0,0,0,0,0,0
665,3321,0,0,0,0,0,0,0
666,3332,0,0,0,0,0,0,0
667,3334,0,0,1,1,0,0,0
668,3336,1,0,0,0,0,0,0
669,3340,0,0,0,0,0,1,0
670,3363,0,0,0,0,0,0,0
671,3376,0,0,0,0,0,0,0
672,3381,0,0,0,0,0,0,0
673,3386,0,0,0,0,0,0,0
674,3388,0,0,0,0,0,0,0
675,3389,0,0,0,0,0,0,0
676,3403,0,0,0,0,0,0,0
677,3406,0,0,0,0,0,0,0
678,3409,1,0,0,0,0,0,0
679,3412,0,1,0,0,0,0,0
680,3421,0,0,0,0,0,0,0
681,3422,0,1,0,0,1,0,0
682,3426,0,0,0,0,0,0,0
683,3427,0,0,0,0,0,0,0
684,3428,0,0,0,0,0,0,0
685,3433,0,0,0,1,0,0,0
686,3434,0,0,0,0,0,0,0
687,3436,0,0,0,0,0,0,0
688,3439,0,0,0,0,0,0,0
689,3445,0,0,0,0,0,1,0
690,3463,0,0,0,0,0,0,0
691,3469,0,0,0,0,0,0,0
692,3478,0,0,0,0,0,1,0
693,3479,1,0,0,0,0,0,0
694,3483,0,1,0,1,1,1,0
695,3491,0,0,0,0,0,0,0
696,3498,1,0,0,0,0,1,0
697,3503,0,0,0,0,0,0,0
698,3507,0,0,0,0,0,1,0
699,3515,0,0,0,0,0,0,0
700,3517,0,0,0,0,0,1,0
701,3518,0,0,0,0,0,0,0
702,3520,1,0,1,1,1,1,0
703,3523,0,0,0,0,0,0,0
704,3524,0,0,0,0,0,1,0
705,3525,0,0,0,0,0,0,0
706,3526,0,0,0,0,0,0,0
707,3535,0,0,0,0,0,0,0
708,3536,0,0,0,0,0,0,0
709,3537,0,0,0,0,0,0,0
710,3547,0,0,0,0,0,1,0
711,3551,0,0,0,0,0,0,0
712,3559,0,0,0,0,0,0,0
713,3560,0,0,1,0,0,0,0
714,3565,0,0,0,0,0,0,0
715,3570,0,0,0,0,0,0,0
716,3571,0,1,0,0,0,1,0
717,3578,0,0,0,0,0,0,0
718,3584,1,0,0,0,0,1,0
719,3594,0,0,0,0,0,0,0
720,3595,0,0,0,0,0,0,0
721,3598,0,0,0,0,0,0,0
722,3599,0,0,0,0,0,0,0
723,3602,0,0,0,0,0,0,0
724,3619,0,0,1,0,0,1,0
725,3623,0,0,0,0,0,0,0
726,3628,0,0,0,0,0,0,0
727,3629,0,0,0,0,0,0,0
728,3635,0,0,0,0,0,0,0
729,3641,0,0,0,0,0,0,0
730,3643,0,0,1,0,0,0,0
731,3645,0,0,0,0,0,1,0
732,3657,0,0,0,0,0,0,0
733,3661,0,0,0,0,0,0,0
734,3665,0,0,0,0,0,0,0
735,3667,0,1,1,1,0,1,0
736,3673,0,0,0,0,0,0,0
737,3678,0,1,0,0,0,1,0
738,3690,0,0,1,0,0,1,0
739,3696,0,0,0,0,0,0,0
740,3697,0,0,0,0,0,0,0
741,3698,0,0,1,0,0,1,0
742,3706,1,0,0,0,0,1,0
743,3710,0,0,0,0,0,1,1
744,3711,0,0,1,1,0,0,0
745,3712,0,1,0,0,0,0,0
746,3717,1,0,0,0,0,0,0
747,3722,0,0,0,0,0,0,0
748,3725,0,1,1,1,1,1,0
749,3726,0,0,0,0,0,0,0
750,3732,0,0,0,0,0,0,0
751,3745,0,0,0,0,0,0,0
752,3749,0,0,0,0,0,0,0
753,3759,1,0,0,0,0,0,0
754,3762,0,0,0,1,0,1,0
755,3766,0,0,0,0,0,1,0
756,3767,0,0,0,0,0,0,0
757,3769,0,0,0,0,0,0,0
758,3783,0,0,0,0,0,0,0
759,3790,0,0,0,0,0,0,0
760,3798,0,0,0,0,0,0,0
761,3799,0,0,0,0,0,0,0
762,3807,0,0,0,0,0,0,0
763,3828,0,0,0,0,0,0,0
764,3829,0,0,0,0,0,0,0
765,3830,0,0,0,0,0,0,0
766,3834,0,0,0,0,0,0,0
767,3839,0,0,0,0,0,0,0
768,3846,0,0,0,0,0,0,0
769,3850,0,0,0,0,0,0,0
770,3852,0,0,0,0,0,0,0
771,3855,0,0,0,0,0,0,0
772,3856,0,0,0,0,0,0,0
773,3859,0,0,0,0,0,0,0
774,3865,0,0,0,0,0,1,0
775,3867,0,0,0,0,0,0,0
776,3870,0,0,0,0,0,0,0
777,3878,0,0,0,0,0,0,0
778,3885,1,0,0,0,0,1,0
779,3887,0,0,0,0,0,1,0
780,3896,0,0,0,0,0,0,0
781,3900,0,0,0,0,0,0,0
782,3910,1,0,1,1,0,1,0
783,3916,0,0,0,0,0,0,0
784,3919,0,0,0,1,0,1,0
785,3921,0,0,0,0,0,0,0
786,3924,0,1,0,0,0,0,0
787,3933,0,0,0,0,0,0,0
788,3934,0,0,0,0,0,0,0
789,3945,1,0,0,0,0,1,0
790,3955,0,0,0,0,0,0,0
791,3967,0,0,0,0,0,0,0
792,3968,0,1,1,0,1,1,0
793,3969,0,0,0,0,0,0,0
794,3972,0,0,0,0,0,0,0
795,3979,0,0,1,0,0,1,0
796,4001,0,0,0,1,0,0,0
797,4002,0,0,0,0,0,0,0
798,4012,0,0,0,0,0,1,0
799,4023,0,0,0,0,0,1,0
800,4037,0,0,0,0,0,0,0
801,4042,0,0,0,0,0,1,0
802,4047,0,0,0,0,0,0,0
803,4050,0,0,0,0,0,0,0
804,4055,0,0,0,0,0,0,0
805,4058,0,1,0,0,0,0,0
806,4065,0,0,0,0,0,0,0
807,4066,0,0,0,0,0,0,0
808,4070,0,1,1,0,0,1,0
809,4073,1,0,0,0,0,1,0
810,4084,0,0,0,0,0,0,0
811,4086,0,0,0,0,0,0,0
812,4088,0,0,0,0,0,0,0
813,4093,0,0,0,0,0,0,0
814,4094,0,0,0,0,0,0,0
815,4095,0,0,0,0,0,0,0
816,4096,0,0,0,0,0,0,0
817,4098,0,0,0,0,0,0,0
818,4099,0,0,0,0,0,0,0
819,4102,0,0,0,0,0,0,0
820,4107,0,0,0,0,0,0,0
821,4114,0,0,0,0,0,0,0
822,4119,0,0,0,0,0,0,0
823,4120,0,0,0,0,0,0,0
824,4122,0,0,0,1,0,1,0
825,4127,1,0,0,0,0,1,0
826,4128,0,0,0,0,0,0,0
827,4136,0,0,0,0,0,0,0
828,4137,0,0,0,0,0,0,0
829,4138,1,0,0,0,0,0,0
830,4141,0,0,0,0,0,0,0
831,4148,0,0,0,0,0,0,0
832,4149,0,0,0,0,0,0,0
833,4168,0,0,0,0,0,1,0
834,4174,0,0,0,0,0,0,0
835,4179,0,0,0,0,0,0,0
836,4184,0,0,0,0,0,0,0
837,4186,0,0,0,0,0,0,0
838,4188,0,0,0,0,0,1,0
839,4198,0,0,0,0,0,0,0
840,4200,0,0,0,0,0,0,0
841,4201,0,0,0,0,0,0,0
842,4207,1,0,1,0,0,0,0
843,4211,0,0,0,0,0,0,0
844,4216,0,0,1,1,0,1,0
845,4220,0,0,0,0,0,0,0
846,4227,0,0,0,0,0,0,0
847,4240,0,0,0,0,0,0,0
848,4246,0,0,0,0,0,0,0
849,4248,0,1,0,0,0,0,0
850,4252,0,0,0,0,0,0,0
851,4259,0,0,0,0,0,0,0
852,4261,0,0,1,1,0,1,0
853,4268,0,0,0,0,0,0,0
854,4271,0,0,0,0,0,0,0
855,4278,0,0,0,0,0,1,0
856,4279,0,0,0,0,0,0,0
857,4286,1,0,0,0,0,0,0
858,4290,0,0,0,0,0,0,0
859,4297,0,0,0,0,0,0,0
860,4298,0,0,0,0,0,0,0
861,4299,0,0,0,0,0,1,0
862,4301,1,0,0,0,0,1,0
863,4303,0,0,0,0,0,0,0
864,4310,0,0,0,1,0,1,0
865,4320,0,0,0,0,0,0,0
866,4322,0,0,0,0,0,0,0
867,4324,0,0,0,0,0,0,0
868,4328,0,0,0,0,0,0,0
869,4329,0,0,0,0,0,0,0
870,4331,0,1,1,0,0,0,0
871,4333,0,1,0,0,0,0,0
872,4338,1,0,0,0,0,0,0
873,4339,0,0,0,0,0,0,0
874,4345,0,0,0,0,0,0,0
875,4351,1,0,0,0,0,0,0
876,4356,0,1,1,0,0,0,0
877,4368,0,0,0,0,0,0,0
878,4369,0,0,0,0,0,0,0
879,4370,0,0,0,0,0,0,0
880,4376,1,0,0,0,0,1,0
881,4377,1,0,0,0,0,0,0
882,4381,0,0,0,0,0,0,0
883,4385,0,0,0,0,0,0,0
884,4390,0,0,0,0,0,0,0
885,4391,0,0,0,0,0,0,0
886,4394,0,1,1,0,0,0,0
887,4399,0,0,0,0,0,0,0
888,4405,0,0,0,0,0,0,0
889,4406,0,0,0,0,0,0,0
890,4415,0,0,0,0,0,0,0
891,4418,0,0,0,0,0,1,0
892,4426,0,0,0,1,0,0,0
893,4427,1,0,1,0,0,1,1
894,4432,0,0,0,0,0,0,0
895,4436,0,0,0,0,0,0,0
896,4437,0,0,0,0,0,0,0
897,4440,0,1,0,0,0,0,0
898,4442,0,0,0,0,0,0,0
899,4444,0,0,0,0,0,0,0
900,4452,0,1,0,1,0,1,0
901,4459,0,0,0,0,0,0,0
902,4470,0,0,0,0,0,0,0
903,4472,0,0,0,0,0,0,0
904,4475,0,0,0,0,0,0,0
905,4477,0,0,0,0,0,0,0
906,4478,0,0,0,0,0,0,0
907,4480,0,0,0,0,0,0,0
908,4483,0,0,0,0,0,0,0
909,4487,0,0,0,0,0,1,0
910,4491,0,1,0,0,0,0,0
911,4500,0,0,0,0,0,0,0
912,4501,0,0,0,0,0,0,0
913,4507,0,0,0,0,0,0,0
914,4508,0,0,0,0,0,0,0
915,4518,0,0,0,0,0,0,0
916,4530,0,0,0,1,0,1,0
917,4541,0,0,0,0,0,0,0
918,4543,0,0,1,0,0,0,0
919,4547,0,0,0,0,0,0,0
920,4548,0,0,0,0,0,0,0
921,4550,0,0,0,0,0,0,0
922,4552,0,0,0,0,0,0,0
923,4554,0,0,0,0,0,0,0
924,4557,0,0,0,0,0,0,0
925,4580,1,0,1,1,0,1,0
926,4587,0,0,0,0,0,0,0
927,4597,0,0,0,0,0,0,0
928,4599,0,0,0,0,0,0,0
929,4603,0,0,0,0,0,0,0
930,4607,0,0,0,0,0,0,0
931,4608,0,0,0,0,0,1,0
932,4609,0,0,0,0,0,0,0
933,4611,0,0,1,1,0,1,0
934,4619,0,0,0,0,0,0,0
935,4637,0,0,0,1,0,0,0
936,4640,0,0,0,0,0,0,0
937,4643,0,0,0,0,0,0,0
938,4646,0,0,0,1,0,0,0
939,4653,0,0,0,0,0,0,0
940,4654,0,0,0,0,0,0,0
941,4656,1,0,0,0,0,0,0
942,4669,0,0,0,0,0,0,0
943,4673,0,0,0,1,0,1,0
944,4676,0,0,0,0,0,0,0
945,4679,0,0,0,0,0,0,0
946,4682,0,0,0,0,0,0,0
947,4686,0,0,1,0,0,0,0
948,4687,0,0,0,0,0,0,0
949,4690,0,0,0,0,0,0,0
950,4692,1,0,0,0,0,1,0
951,4697,0,0,0,0,0,0,0
952,4698,0,0,0,0,0,0,0
953,4702,0,0,0,0,0,0,0
954,4706,0,0,0,0,0,0,0
955,4712,0,0,0,0,0,0,0
956,4713,0,0,0,0,0,0,0
957,4725,0,0,0,0,0,0,0
958,4741,0,1,0,0,0,0,0
959,4743,0,0,0,0,0,0,0
960,4749,0,0,0,0,0,0,0
961,4754,0,0,0,0,0,0,0
962,4756,0,0,0,0,0,1,0
963,4764,0,0,0,0,0,1,0
964,4767,0,0,1,0,0,0,0
965,4769,0,1,0,0,0,0,0
966,4785,0,0,0,0,0,0,0
967,4786,0,0,0,0,0,0,0
968,4789,1,0,1,1,0,0,0
969,4790,0,0,0,0,0,0,0
970,4791,0,0,0,0,0,0,0
971,4796,0,0,0,0,0,0,0
972,4808,0,0,0,0,0,0,0
973,4817,0,0,0,0,0,0,0
974,4827,0,0,0,0,0,1,0
975,4828,0,0,0,0,0,0,0
976,4832,0,0,0,0,0,0,0
977,4837,0,0,0,0,0,0,0
978,4838,0,0,0,0,0,0,0
979,4843,0,0,0,0,0,0,0
980,4855,0,0,0,0,0,1,0
981,4856,1,0,0,1,0,0,0
982,4860,0,0,0,0,0,0,0
983,4864,0,0,0,0,0,0,0
984,4865,0,0,0,0,0,1,0
985,4867,0,0,0,0,0,0,0
986,4877,0,0,0,0,0,0,0
987,4887,0,0,0,0,0,0,0
988,4910,0,0,0,0,0,0,0
989,4915,0,0,0,0,0,0,0
990,4927,0,0,0,0,0,0,0
991,4931,0,0,0,0,0,0,0
992,4937,0,0,0,0,0,0,0
993,4939,0,0,0,0,0,0,0
994,4943,0,1,1,0,0,0,0
995,4944,0,0,0,0,0,0,0
996,4945,0,0,0,0,0,0,0
997,4947,0,1,0,1,0,1,0
998,4954,0,0,0,0,0,0,0
999,4961,0,0,0,0,0,0,0
1000,4964,0,0,0,0,0,0,0
