spending_id,customer_id,mnt_wines,mnt_fruits,mnt_meat_products,mnt_fish_products,mnt_sweet_products,mnt_gold_prods
1,0,239.00,10.00,554.00,254.00,87.00,54.00
2,1,464.00,5.00,64.00,7.00,0.00,37.00
3,9,57.00,0.00,27.00,0.00,0.00,36.00
4,13,19.00,0.00,5.00,0.00,0.00,8.00
5,17,637.00,47.00,237.00,12.00,19.00,76.00
6,20,43.00,12.00,23.00,29.00,15.00,61.00
7,22,185.00,2.00,88.00,15.00,5.00,14.00
8,24,18.00,2.00,19.00,0.00,2.00,6.00
9,25,460.00,35.00,422.00,33.00,12.00,153.00
10,35,32.00,1.00,64.00,16.00,12.00,85.00
11,48,136.00,1.00,12.00,0.00,3.00,32.00
12,49,2.00,3.00,6.00,4.00,1.00,9.00
13,55,509.00,0.00,65.00,7.00,11.00,5.00
14,67,68.00,0.00,16.00,0.00,0.00,8.00
15,73,14.00,0.00,3.00,0.00,0.00,1.00
16,75,34.00,11.00,137.00,179.00,61.00,45.00
17,78,15.00,0.00,11.00,0.00,2.00,9.00
18,87,0.00,7.00,5.00,26.00,2.00,17.00
19,89,5.00,9.00,20.00,6.00,8.00,21.00
20,92,5.00,7.00,24.00,19.00,14.00,20.00
21,113,11.00,0.00,7.00,3.00,1.00,6.00
22,115,275.00,11.00,68.00,25.00,7.00,7.00
23,123,544.00,35.00,133.00,23.00,151.00,107.00
24,125,215.00,7.00,33.00,3.00,0.00,13.00
25,143,466.00,0.00,224.00,119.00,49.00,99.00
26,146,760.00,53.00,400.00,17.00,93.00,0.00
27,153,19.00,3.00,6.00,4.00,2.00,12.00
28,158,345.00,53.00,528.00,98.00,75.00,97.00
29,164,206.00,0.00,46.00,3.00,2.00,12.00
30,175,656.00,80.00,455.00,52.00,107.00,93.00
31,176,90.00,38.00,67.00,33.00,36.00,67.00
32,178,478.00,0.00,193.00,110.00,75.00,117.00
33,182,284.00,0.00,55.00,0.00,6.00,52.00
34,193,0.00,0.00,2.00,3.00,3.00,8.00
35,194,23.00,0.00,11.00,3.00,2.00,2.00
36,195,125.00,17.00,52.00,3.00,19.00,30.00
37,199,219.00,3.00,60.00,12.00,9.00,12.00
38,202,332.00,194.00,377.00,149.00,125.00,57.00
39,203,1288.00,20.00,613.00,80.00,61.00,27.00
40,213,35.00,0.00,11.00,0.00,0.00,2.00
41,217,556.00,14.00,717.00,210.00,0.00,43.00
42,221,138.00,3.00,38.00,4.00,0.00,59.00
43,231,24.00,0.00,7.00,0.00,0.00,1.00
44,232,279.00,83.00,88.00,32.00,14.00,34.00
45,234,1.00,2.00,8.00,4.00,3.00,13.00
46,236,28.00,23.00,29.00,29.00,14.00,47.00
47,238,515.00,47.00,181.00,149.00,95.00,95.00
48,241,901.00,31.00,345.00,75.00,31.00,191.00
49,246,199.00,9.00,57.00,20.00,21.00,6.00
50,247,172.00,10.00,125.00,21.00,13.00,16.00
51,252,123.00,133.00,142.00,71.00,44.00,88.00
52,254,399.00,4.00,30.00,6.00,4.00,30.00
53,255,17.00,0.00,2.00,0.00,0.00,2.00
54,257,952.00,12.00,180.00,47.00,12.00,12.00
55,263,56.00,19.00,29.00,2.00,14.00,25.00
56,269,777.00,30.00,163.00,0.00,51.00,122.00
57,271,154.00,0.00,50.00,6.00,11.00,37.00
58,273,130.00,0.00,16.00,0.00,0.00,5.00
59,274,9.00,3.00,15.00,2.00,3.00,2.00
60,286,95.00,11.00,35.00,0.00,4.00,7.00
61,291,182.00,74.00,298.00,162.00,149.00,116.00
62,295,493.00,70.00,324.00,146.00,40.00,84.00
63,304,19.00,3.00,19.00,4.00,5.00,26.00
64,309,918.00,21.00,118.00,13.00,10.00,21.00
65,310,330.00,5.00,159.00,36.00,27.00,16.00
66,313,901.00,61.00,757.00,186.00,163.00,20.00
67,322,29.00,1.00,11.00,0.00,0.00,0.00
68,326,235.00,6.00,45.00,8.00,9.00,12.00
69,332,198.00,2.00,43.00,0.00,12.00,20.00
70,339,462.00,0.00,24.00,6.00,0.00,4.00
71,340,158.00,35.00,179.00,0.00,0.00,125.00
72,347,229.00,27.00,71.00,13.00,3.00,34.00
73,359,373.00,14.00,83.00,6.00,9.00,19.00
74,361,5.00,1.00,7.00,2.00,1.00,4.00
75,367,47.00,90.00,94.00,123.00,103.00,120.00
76,368,91.00,65.00,52.00,10.00,44.00,28.00
77,375,516.00,56.00,449.00,86.00,33.00,16.00
78,378,283.00,112.00,151.00,51.00,72.00,125.00
79,380,1170.00,48.00,320.00,42.00,32.00,192.00
80,387,6.00,16.00,11.00,11.00,1.00,16.00
81,405,315.00,0.00,31.00,4.00,0.00,91.00
82,425,374.00,64.00,116.00,84.00,25.00,64.00
83,433,534.00,5.00,47.00,0.00,5.00,41.00
84,437,294.00,142.00,218.00,164.00,58.00,151.00
85,448,308.00,85.00,137.00,102.00,45.00,118.00
86,450,67.00,15.00,80.00,17.00,11.00,80.00
87,451,9.00,0.00,7.00,2.00,0.00,4.00
88,453,27.00,0.00,12.00,0.00,1.00,5.00
89,454,824.00,32.00,162.00,42.00,32.00,43.00
90,455,102.00,9.00,63.00,2.00,9.00,24.00
91,456,1.00,11.00,5.00,4.00,6.00,9.00
92,460,792.00,86.00,740.00,67.00,51.00,17.00
93,466,388.00,14.00,218.00,91.00,14.00,21.00
94,477,1060.00,61.00,835.00,80.00,20.00,101.00
95,486,434.00,137.00,400.00,45.00,137.00,45.00
96,492,322.00,3.00,50.00,4.00,3.00,42.00
97,498,25.00,0.00,22.00,2.00,3.00,5.00
98,500,908.00,43.00,735.00,40.00,194.00,21.00
99,503,13.00,1.00,29.00,3.00,0.00,7.00
100,520,3.00,3.00,7.00,6.00,2.00,9.00
101,521,174.00,77.00,203.00,6.00,24.00,97.00
102,523,23.00,0.00,26.00,7.00,15.00,3.00
103,524,2.00,23.00,11.00,8.00,6.00,46.00
104,528,267.00,38.00,701.00,149.00,165.00,63.00
105,531,941.00,14.00,397.00,76.00,58.00,176.00
106,535,163.00,23.00,424.00,27.00,65.00,76.00
107,538,31.00,9.00,27.00,16.00,9.00,33.00
108,544,398.00,61.00,265.00,138.00,61.00,53.00
109,550,243.00,131.00,217.00,85.00,6.00,26.00
110,564,746.00,8.00,125.00,11.00,8.00,8.00
111,569,704.00,129.00,853.00,120.00,74.00,111.00
112,574,14.00,36.00,11.00,3.00,26.00,35.00
113,577,9.00,1.00,7.00,0.00,3.00,2.00
114,590,816.00,66.00,549.00,216.00,66.00,99.00
115,591,293.00,35.00,179.00,46.00,59.00,65.00
116,606,6.00,1.00,2.00,2.00,0.00,4.00
117,607,302.00,29.00,131.00,32.00,0.00,27.00
118,610,349.00,4.00,78.00,6.00,0.00,43.00
119,615,65.00,36.00,74.00,38.00,20.00,110.00
120,618,422.00,7.00,238.00,69.00,46.00,15.00
121,624,6.00,4.00,1.00,7.00,2.00,15.00
122,626,22.00,2.00,12.00,0.00,2.00,5.00
123,635,464.00,5.00,64.00,7.00,0.00,70.00
124,640,356.00,80.00,329.00,138.00,17.00,106.00
125,641,59.00,0.00,12.00,0.00,0.00,48.00
126,642,1.00,3.00,2.00,20.00,30.00,47.00
127,663,40.00,2.00,15.00,8.00,0.00,6.00
128,675,146.00,0.00,93.00,7.00,13.00,73.00
129,679,13.00,4.00,20.00,0.00,0.00,1.00
130,692,4.00,2.00,5.00,0.00,0.00,5.00
131,697,972.00,59.00,913.00,25.00,19.00,59.00
132,701,707.00,21.00,250.00,85.00,43.00,73.00
133,702,162.00,61.00,83.00,97.00,57.00,61.00
134,709,787.00,20.00,204.00,0.00,0.00,92.00
135,713,141.00,15.00,153.00,67.00,31.00,35.00
136,716,529.00,0.00,356.00,63.00,28.00,0.00
137,736,18.00,3.00,19.00,3.00,3.00,6.00
138,737,1493.00,86.00,454.00,112.00,43.00,43.00
139,738,48.00,13.00,57.00,24.00,15.00,25.00
140,749,46.00,7.00,59.00,2.00,4.00,27.00
141,760,588.00,7.00,76.00,110.00,15.00,15.00
142,762,340.00,21.00,134.00,258.00,14.00,56.00
143,771,135.00,9.00,39.00,4.00,0.00,7.00
144,773,379.00,4.00,93.00,12.00,9.00,98.00
145,793,18.00,3.00,17.00,3.00,0.00,4.00
146,796,584.00,44.00,212.00,46.00,8.00,177.00
147,798,2.00,0.00,6.00,8.00,6.00,5.00
148,800,23.00,1.00,6.00,0.00,0.00,2.00
149,803,12.00,0.00,5.00,0.00,0.00,4.00
150,807,167.00,2.00,89.00,0.00,0.00,34.00
151,810,151.00,81.00,86.00,168.00,91.00,64.00
152,819,508.00,124.00,249.00,50.00,38.00,134.00
153,821,962.00,61.00,921.00,52.00,61.00,20.00
154,830,784.00,48.00,560.00,42.00,176.00,48.00
155,832,561.00,14.00,113.00,10.00,14.00,35.00
156,833,56.00,0.00,14.00,0.00,0.00,2.00
157,837,63.00,6.00,57.00,13.00,13.00,22.00
158,839,97.00,4.00,44.00,6.00,1.00,18.00
159,843,303.00,0.00,280.00,60.00,147.00,15.00
160,849,320.00,48.00,133.00,39.00,72.00,48.00
161,850,381.00,28.00,215.00,84.00,28.00,21.00
162,851,306.00,5.00,109.00,21.00,109.00,92.00
163,868,54.00,0.00,7.00,0.00,0.00,4.00
164,873,1099.00,0.00,45.00,0.00,0.00,34.00
165,879,411.00,0.00,26.00,0.00,0.00,21.00
166,880,2.00,23.00,11.00,8.00,6.00,46.00
167,891,6.00,0.00,2.00,2.00,0.00,1.00
168,895,410.00,16.00,114.00,0.00,5.00,49.00
169,898,38.00,15.00,54.00,3.00,8.00,29.00
170,902,224.00,12.00,48.00,4.00,12.00,12.00
171,905,7.00,17.00,18.00,6.00,10.00,26.00
172,907,254.00,6.00,71.00,4.00,0.00,27.00
173,916,20.00,3.00,4.00,2.00,0.00,2.00
174,922,16.00,2.00,11.00,3.00,0.00,16.00
175,933,9.00,0.00,6.00,4.00,1.00,5.00
176,938,51.00,1.00,7.00,2.00,1.00,25.00
177,940,158.00,11.00,99.00,15.00,11.00,17.00
178,942,139.00,13.00,78.00,20.00,13.00,36.00
179,944,121.00,103.00,69.00,8.00,44.00,48.00
180,945,87.00,3.00,25.00,3.00,2.00,13.00
181,946,45.00,47.00,52.00,21.00,20.00,25.00
182,948,4.00,7.00,7.00,6.00,4.00,13.00
183,954,3.00,3.00,24.00,34.00,7.00,31.00
184,955,167.00,2.00,44.00,6.00,2.00,19.00
185,961,133.00,27.00,421.00,13.00,195.00,71.00
186,965,235.00,65.00,164.00,50.00,49.00,27.00
187,966,538.00,13.00,91.00,17.00,6.00,26.00
188,967,342.00,9.00,112.00,19.00,14.00,19.00
189,968,112.00,19.00,21.00,16.00,14.00,5.00
190,975,178.00,4.00,26.00,8.00,4.00,44.00
191,977,200.00,19.00,111.00,50.00,15.00,19.00
192,979,6.00,10.00,21.00,19.00,14.00,42.00
193,983,110.00,29.00,92.00,28.00,10.00,145.00
194,988,410.00,0.00,592.00,147.00,22.00,22.00
195,999,490.00,44.00,125.00,29.00,20.00,22.00
196,1000,505.00,72.00,270.00,36.00,27.00,54.00
197,1008,728.00,17.00,133.00,11.00,8.00,124.00
198,1010,41.00,0.00,17.00,3.00,1.00,16.00
199,1012,523.00,7.00,134.00,37.00,14.00,169.00
200,1016,41.00,1.00,6.00,2.00,0.00,5.00
201,1020,350.00,60.00,568.00,110.00,133.00,145.00
202,1029,200.00,5.00,44.00,0.00,10.00,20.00
203,1030,22.00,0.00,13.00,0.00,0.00,3.00
204,1031,600.00,20.00,350.00,29.00,30.00,33.00
205,1041,322.00,3.00,50.00,4.00,3.00,42.00
206,1044,299.00,5.00,201.00,21.00,21.00,49.00
207,1045,112.00,10.00,107.00,30.00,0.00,20.00
208,1048,63.00,3.00,67.00,8.00,9.00,28.00
209,1050,14.00,10.00,13.00,4.00,15.00,9.00
210,1052,656.00,38.00,161.00,62.00,47.00,37.00
211,1055,29.00,0.00,8.00,2.00,0.00,6.00
212,1064,22.00,1.00,11.00,0.00,5.00,3.00
213,1065,557.00,129.00,984.00,193.00,37.00,18.00
214,1071,532.00,88.00,168.00,69.00,44.00,133.00
215,1072,70.00,0.00,17.00,0.00,0.00,6.00
216,1077,258.00,105.00,239.00,237.00,172.00,9.00
217,1079,1000.00,0.00,76.00,0.00,0.00,10.00
218,1081,733.00,9.00,180.00,12.00,19.00,66.00
219,1087,16.00,14.00,36.00,37.00,22.00,48.00
220,1092,269.00,129.00,495.00,182.00,43.00,29.00
221,1100,24.00,4.00,22.00,0.00,2.00,9.00
222,1103,1486.00,55.00,278.00,49.00,0.00,185.00
223,1109,6.00,0.00,5.00,0.00,0.00,1.00
224,1118,544.00,13.00,85.00,8.00,6.00,29.00
225,1127,938.00,19.00,843.00,25.00,95.00,38.00
226,1131,85.00,0.00,3.00,0.00,0.00,7.00
227,1135,18.00,2.00,19.00,0.00,2.00,6.00
228,1137,398.00,190.00,537.00,61.00,156.00,37.00
229,1139,1050.00,14.00,322.00,0.00,14.00,112.00
230,1142,208.00,7.00,82.00,30.00,66.00,35.00
231,1143,7.00,10.00,13.00,3.00,11.00,11.00
232,1146,520.00,8.00,223.00,32.00,49.00,42.00
233,1150,755.00,144.00,562.00,104.00,64.00,224.00
234,1158,102.00,1.00,15.00,2.00,0.00,24.00
235,1160,9.00,4.00,17.00,10.00,2.00,7.00
236,1162,124.00,83.00,267.00,85.00,59.00,35.00
237,1165,239.00,13.00,143.00,45.00,4.00,52.00
238,1168,322.00,53.00,899.00,34.00,40.00,53.00
239,1170,50.00,15.00,110.00,39.00,15.00,15.00
240,1172,979.00,44.00,935.00,29.00,25.00,22.00
241,1173,1200.00,105.00,758.00,0.00,42.00,147.00
242,1175,88.00,39.00,54.00,64.00,28.00,153.00
243,1176,2.00,6.00,4.00,3.00,1.00,9.00
244,1177,80.00,3.00,26.00,4.00,2.00,14.00
245,1183,9.00,1.00,4.00,3.00,2.00,3.00
246,1184,554.00,41.00,215.00,11.00,0.00,24.00
247,1204,1253.00,0.00,447.00,23.00,71.00,35.00
248,1212,384.00,25.00,292.00,130.00,41.00,64.00
249,1215,690.00,117.00,499.00,76.00,102.00,88.00
250,1225,483.00,84.00,398.00,205.00,84.00,241.00
251,1232,587.00,54.00,348.00,71.00,54.00,130.00
252,1241,13.00,3.00,8.00,7.00,4.00,16.00
253,1245,977.00,12.00,253.00,16.00,12.00,101.00
254,1250,34.00,6.00,21.00,11.00,4.00,8.00
255,1272,664.00,58.00,83.00,32.00,0.00,66.00
256,1277,434.00,22.00,388.00,104.00,22.00,34.00
257,1291,152.00,9.00,121.00,12.00,12.00,45.00
258,1295,231.00,65.00,196.00,38.00,71.00,124.00
259,1307,27.00,5.00,8.00,8.00,3.00,12.00
260,1321,22.00,2.00,18.00,0.00,2.00,12.00
261,1324,23.00,3.00,21.00,3.00,19.00,22.00
262,1328,261.00,42.00,144.00,55.00,48.00,133.00
263,1331,12.00,6.00,20.00,30.00,1.00,3.00
264,1340,551.00,137.00,792.00,179.00,103.00,33.00
265,1343,368.00,24.00,68.00,38.00,0.00,88.00
266,1349,85.00,7.00,24.00,2.00,3.00,27.00
267,1351,962.00,12.00,194.00,16.00,24.00,12.00
268,1357,856.00,59.00,487.00,58.00,29.00,73.00
269,1361,1076.00,68.00,103.00,29.00,91.00,68.00
270,1362,33.00,87.00,64.00,175.00,16.00,74.00
271,1371,123.00,164.00,266.00,227.00,30.00,174.00
272,1377,182.00,4.00,33.00,0.00,0.00,66.00
273,1378,284.00,16.00,160.00,84.00,16.00,134.00
274,1379,154.00,2.00,46.00,20.00,4.00,15.00
275,1381,172.00,3.00,115.00,16.00,0.00,18.00
276,1384,6.00,4.00,14.00,8.00,8.00,22.00
277,1386,10.00,0.00,1.00,0.00,0.00,0.00
278,1388,6.00,10.00,21.00,19.00,14.00,42.00
279,1399,407.00,114.00,445.00,181.00,165.00,203.00
280,1402,496.00,36.00,460.00,189.00,60.00,12.00
281,1403,8.00,4.00,15.00,3.00,5.00,3.00
282,1404,51.00,23.00,82.00,33.00,0.00,42.00
283,1406,280.00,7.00,81.00,20.00,0.00,27.00
284,1407,4.00,12.00,5.00,3.00,16.00,17.00
285,1409,270.00,3.00,27.00,39.00,6.00,99.00
286,1411,204.00,34.00,204.00,172.00,153.00,173.00
287,1419,18.00,6.00,15.00,12.00,8.00,17.00
288,1440,367.00,17.00,241.00,104.00,188.00,232.00
289,1446,387.00,68.00,569.00,89.00,45.00,68.00
290,1448,21.00,12.00,12.00,0.00,3.00,3.00
291,1453,735.00,40.00,183.00,52.00,20.00,30.00
292,1456,265.00,199.00,303.00,234.00,9.00,170.00
293,1458,8.00,3.00,19.00,3.00,3.00,8.00
294,1459,666.00,35.00,124.00,69.00,8.00,26.00
295,1461,17.00,1.00,12.00,3.00,1.00,4.00
296,1463,8.00,2.00,5.00,3.00,0.00,3.00
297,1473,53.00,1.00,5.00,2.00,1.00,10.00
298,1490,675.00,0.00,85.00,10.00,7.00,77.00
299,1491,162.00,33.00,124.00,40.00,28.00,172.00
300,1497,268.00,11.00,88.00,15.00,3.00,22.00
301,1501,55.00,16.00,1622.00,17.00,3.00,4.00
302,1502,18.00,3.00,19.00,3.00,3.00,6.00
303,1503,85.00,1.00,16.00,2.00,1.00,2.00
304,1506,48.00,9.00,45.00,3.00,15.00,20.00
305,1509,152.00,27.00,103.00,106.00,54.00,81.00
306,1513,600.00,21.00,128.00,223.00,150.00,128.00
307,1515,11.00,2.00,7.00,4.00,2.00,2.00
308,1517,3.00,9.00,13.00,2.00,12.00,12.00
309,1518,379.00,6.00,157.00,25.00,91.00,91.00
310,1519,38.00,4.00,22.00,3.00,3.00,3.00
311,1523,69.00,2.00,15.00,2.00,2.00,6.00
312,1524,709.00,45.00,115.00,30.00,160.00,45.00
313,1542,347.00,0.00,35.00,4.00,3.00,7.00
314,1544,741.00,68.00,689.00,224.00,68.00,103.00
315,1545,120.00,19.00,206.00,25.00,19.00,54.00
316,1553,966.00,168.00,672.00,246.00,105.00,126.00
317,1570,664.00,9.00,240.00,50.00,19.00,57.00
318,1577,558.00,79.00,622.00,207.00,175.00,95.00
319,1581,2.00,0.00,8.00,2.00,2.00,3.00
320,1584,171.00,7.00,171.00,25.00,19.00,89.00
321,1592,547.00,99.00,812.00,151.00,82.00,33.00
322,1600,292.00,3.00,77.00,10.00,3.00,26.00
323,1604,184.00,2.00,19.00,8.00,8.00,4.00
324,1606,3.00,1.00,8.00,4.00,3.00,3.00
325,1612,23.00,0.00,15.00,0.00,2.00,7.00
326,1618,577.00,0.00,64.00,0.00,0.00,51.00
327,1619,292.00,51.00,981.00,224.00,23.00,17.00
328,1626,15.00,0.00,8.00,4.00,2.00,20.00
329,1627,408.00,61.00,109.00,48.00,122.00,41.00
330,1628,354.00,21.00,311.00,167.00,75.00,32.00
331,1630,162.00,50.00,100.00,55.00,30.00,27.00
332,1631,890.00,63.00,292.00,0.00,25.00,12.00
333,1640,66.00,0.00,16.00,0.00,6.00,20.00
334,1646,4.00,9.00,12.00,11.00,2.00,8.00
335,1650,779.00,86.00,537.00,34.00,69.00,138.00
336,1655,16.00,3.00,15.00,2.00,1.00,11.00
337,1663,20.00,2.00,14.00,3.00,0.00,10.00
338,1665,1459.00,0.00,61.00,0.00,15.00,215.00
339,1672,204.00,7.00,149.00,20.00,15.00,66.00
340,1676,213.00,2.00,44.00,0.00,2.00,5.00
341,1685,796.00,14.00,590.00,38.00,44.00,0.00
342,1710,154.00,20.00,66.00,0.00,12.00,27.00
343,1715,9.00,4.00,18.00,7.00,5.00,5.00
344,1717,80.00,15.00,93.00,20.00,13.00,52.00
345,1726,3.00,9.00,15.00,13.00,2.00,39.00
346,1729,1043.00,24.00,97.00,32.00,24.00,157.00
347,1734,59.00,0.00,11.00,4.00,2.00,5.00
348,1740,760.00,38.00,104.00,50.00,9.00,38.00
349,1743,273.00,86.00,208.00,177.00,14.00,43.00
350,1744,9.00,7.00,13.00,3.00,2.00,20.00
351,1745,714.00,76.00,395.00,116.00,0.00,12.00
352,1755,30.00,11.00,25.00,29.00,1.00,18.00
353,1763,1259.00,172.00,815.00,97.00,148.00,33.00
354,1764,100.00,2.00,128.00,23.00,7.00,10.00
355,1772,1074.00,37.00,518.00,193.00,92.00,129.00
356,1773,5.00,6.00,15.00,11.00,7.00,13.00
357,1777,2.00,2.00,11.00,41.00,7.00,11.00
358,1802,412.00,5.00,119.00,38.00,29.00,77.00
359,1818,25.00,0.00,8.00,0.00,1.00,4.00
360,1826,189.00,104.00,379.00,111.00,189.00,218.00
361,1829,1148.00,0.00,60.00,0.00,0.00,24.00
362,1833,68.00,8.00,18.00,19.00,8.00,12.00
363,1834,30.00,5.00,23.00,4.00,1.00,4.00
364,1839,56.00,7.00,48.00,10.00,2.00,18.00
365,1857,46.00,0.00,12.00,0.00,2.00,23.00
366,1859,721.00,111.00,925.00,97.00,18.00,18.00
367,1867,652.00,48.00,350.00,94.00,84.00,108.00
368,1876,32.00,0.00,8.00,23.00,4.00,18.00
369,1878,4.00,6.00,8.00,6.00,3.00,10.00
370,1880,81.00,0.00,6.00,0.00,0.00,6.00
371,1890,11.00,1.00,4.00,2.00,0.00,7.00
372,1891,667.00,50.00,850.00,21.00,83.00,83.00
373,1907,965.00,69.00,279.00,54.00,41.00,69.00
374,1911,595.00,97.00,291.00,127.00,133.00,121.00
375,1915,794.00,115.00,243.00,150.00,0.00,205.00
376,1916,188.00,3.00,180.00,20.00,3.00,43.00
377,1920,44.00,4.00,21.00,6.00,0.00,27.00
378,1921,46.00,1.00,12.00,3.00,0.00,9.00
379,1927,399.00,27.00,159.00,58.00,8.00,39.00
380,1928,35.00,3.00,20.00,4.00,1.00,20.00
381,1940,1.00,3.00,4.00,2.00,2.00,6.00
382,1945,711.00,36.00,217.00,172.00,96.00,168.00
383,1951,228.00,122.00,122.00,208.00,129.00,30.00
384,1958,582.00,0.00,65.00,0.00,0.00,13.00
385,1964,446.00,107.00,768.00,33.00,196.00,53.00
386,1966,684.00,100.00,801.00,21.00,66.00,0.00
387,1968,5.00,1.00,5.00,10.00,0.00,7.00
388,1970,63.00,0.00,21.00,7.00,0.00,12.00
389,1987,1.00,10.00,11.00,19.00,3.00,15.00
390,1990,965.00,34.00,586.00,89.00,86.00,37.00
391,1991,78.00,0.00,11.00,0.00,0.00,7.00
392,1992,522.00,0.00,257.00,32.00,16.00,66.00
393,1993,867.00,0.00,86.00,0.00,0.00,19.00
394,1994,5.00,5.00,6.00,0.00,2.00,1.00
395,1998,34.00,6.00,21.00,11.00,4.00,8.00
396,2002,587.00,51.00,932.00,180.00,34.00,86.00
397,2004,619.00,54.00,260.00,127.00,54.00,54.00
398,2005,22.00,3.00,30.00,0.00,5.00,15.00
399,2008,372.00,23.00,384.00,250.00,12.00,108.00
400,2021,563.00,76.00,384.00,84.00,192.00,89.00
401,2036,243.00,11.00,119.00,10.00,3.00,15.00
402,2055,15.00,0.00,8.00,4.00,2.00,20.00
403,2061,78.00,0.00,11.00,0.00,0.00,10.00
404,2066,70.00,0.00,11.00,2.00,8.00,23.00
405,2072,896.00,10.00,101.00,13.00,10.00,34.00
406,2075,377.00,10.00,540.00,80.00,30.00,10.00
407,2079,450.00,26.00,535.00,73.00,98.00,26.00
408,2088,997.00,15.00,414.00,99.00,30.00,76.00
409,2098,11.00,0.00,5.00,0.00,0.00,1.00
410,2106,0.00,6.00,3.00,7.00,6.00,12.00
411,2109,448.00,71.00,951.00,40.00,17.00,17.00
412,2114,1006.00,22.00,115.00,59.00,68.00,45.00
413,2115,54.00,0.00,10.00,0.00,0.00,2.00
414,2118,166.00,75.00,96.00,119.00,107.00,59.00
415,2125,194.00,61.00,480.00,225.00,112.00,30.00
416,2130,35.00,3.00,67.00,10.00,8.00,24.00
417,2131,1063.00,89.00,102.00,16.00,12.00,25.00
418,2134,263.00,5.00,233.00,69.00,41.00,83.00
419,2139,3.00,1.00,10.00,3.00,2.00,12.00
420,2147,736.00,63.00,946.00,219.00,189.00,126.00
421,2150,860.00,28.00,409.00,73.00,56.00,56.00
422,2154,15.00,0.00,12.00,7.00,3.00,7.00
423,2156,27.00,0.00,10.00,0.00,0.00,4.00
424,2157,15.00,8.00,16.00,11.00,5.00,22.00
425,2162,256.00,34.00,103.00,90.00,29.00,49.00
426,2166,12.00,1.00,3.00,0.00,0.00,7.00
427,2173,13.00,6.00,7.00,0.00,3.00,3.00
428,2174,11.00,1.00,6.00,2.00,1.00,6.00
429,2176,1218.00,16.00,272.00,104.00,0.00,80.00
430,2181,353.00,61.00,753.00,40.00,46.00,27.00
431,2186,938.00,142.00,754.00,159.00,81.00,183.00
432,2202,44.00,2.00,11.00,2.00,3.00,7.00
433,2217,11.00,1.00,2.00,2.00,1.00,6.00
434,2223,1215.00,33.00,249.00,64.00,116.00,149.00
435,2225,510.00,120.00,550.00,156.00,40.00,241.00
436,2227,45.00,47.00,52.00,21.00,20.00,25.00
437,2230,27.00,2.00,14.00,0.00,0.00,0.00
438,2245,57.00,2.00,51.00,4.00,2.00,23.00
439,2246,43.00,12.00,23.00,29.00,15.00,61.00
440,2253,32.00,0.00,8.00,23.00,4.00,18.00
441,2254,627.00,120.00,414.00,121.00,80.00,93.00
442,2256,17.00,0.00,3.00,0.00,0.00,1.00
443,2258,8.00,4.00,15.00,7.00,6.00,2.00
444,2261,4.00,1.00,5.00,2.00,0.00,4.00
445,2262,202.00,5.00,74.00,11.00,5.00,14.00
446,2276,430.00,16.00,322.00,43.00,24.00,33.00
447,2278,4.00,17.00,19.00,30.00,24.00,39.00
448,2281,4.00,3.00,7.00,0.00,3.00,11.00
449,2285,213.00,9.00,76.00,4.00,3.00,30.00
450,2286,64.00,1.00,21.00,0.00,1.00,27.00
451,2292,5.00,4.00,8.00,2.00,0.00,5.00
452,2295,539.00,30.00,92.00,80.00,46.00,38.00
453,2296,3.00,2.00,11.00,2.00,2.00,10.00
454,2304,625.00,7.00,99.00,10.00,22.00,7.00
455,2308,110.00,5.00,137.00,26.00,23.00,29.00
456,2315,10.00,0.00,11.00,17.00,29.00,29.00
457,2320,508.00,11.00,59.00,23.00,5.00,29.00
458,2324,625.00,38.00,242.00,50.00,34.00,76.00
459,2326,32.00,0.00,8.00,23.00,4.00,18.00
460,2337,9.00,1.00,24.00,2.00,1.00,2.00
461,2345,587.00,54.00,348.00,71.00,54.00,130.00
462,2350,623.00,53.00,178.00,23.00,17.00,133.00
463,2371,39.00,1.00,22.00,3.00,4.00,12.00
464,2375,8.00,0.00,5.00,0.00,3.00,6.00
465,2379,778.00,44.00,499.00,95.00,73.00,146.00
466,2387,177.00,2.00,71.00,3.00,2.00,20.00
467,2392,44.00,4.00,21.00,6.00,0.00,27.00
468,2404,173.00,4.00,30.00,3.00,6.00,41.00
469,2406,376.00,4.00,94.00,12.00,9.00,24.00
470,2407,823.00,25.00,459.00,124.00,29.00,95.00
471,2408,490.00,0.00,184.00,10.00,28.00,21.00
472,2410,364.00,40.00,425.00,158.00,60.00,50.00
473,2415,362.00,17.00,398.00,80.00,35.00,61.00
474,2416,789.00,25.00,420.00,16.00,38.00,0.00
475,2426,483.00,74.00,114.00,169.00,37.00,18.00
476,2428,3.00,18.00,26.00,11.00,8.00,12.00
477,2429,531.00,69.00,300.00,150.00,138.00,150.00
478,2431,12.00,4.00,19.00,12.00,6.00,14.00
479,2437,861.00,138.00,461.00,60.00,30.00,61.00
480,2445,38.00,1.00,24.00,0.00,0.00,0.00
481,2447,4.00,12.00,15.00,19.00,7.00,12.00
482,2452,199.00,33.00,60.00,8.00,3.00,15.00
483,2453,526.00,28.00,135.00,10.00,21.00,99.00
484,2456,80.00,4.00,46.00,0.00,17.00,2.00
485,2457,8.00,4.00,5.00,15.00,2.00,11.00
486,2461,26.00,1.00,11.00,0.00,1.00,4.00
487,2471,48.00,58.00,68.00,16.00,66.00,43.00
488,2478,2.00,2.00,4.00,13.00,13.00,4.00
489,2488,23.00,1.00,25.00,0.00,8.00,7.00
490,2493,356.00,0.00,107.00,19.00,9.00,117.00
491,2495,217.00,38.00,350.00,111.00,85.00,15.00
492,2499,204.00,97.00,97.00,21.00,118.00,26.00
493,2516,22.00,2.00,10.00,6.00,4.00,34.00
494,2518,5.00,4.00,5.00,4.00,2.00,10.00
495,2521,23.00,1.00,13.00,2.00,2.00,18.00
496,2525,153.00,64.00,123.00,116.00,64.00,14.00
497,2532,982.00,73.00,351.00,56.00,14.00,175.00
498,2534,97.00,1.00,41.00,6.00,2.00,41.00
499,2535,163.00,0.00,480.00,0.00,126.00,75.00
500,2541,14.00,7.00,11.00,11.00,0.00,5.00
501,2544,50.00,1.00,27.00,6.00,7.00,1.00
502,2546,23.00,4.00,5.00,10.00,5.00,23.00
503,2549,17.00,0.00,9.00,0.00,0.00,1.00
504,2552,416.00,0.00,26.00,0.00,0.00,4.00
505,2557,7.00,1.00,6.00,3.00,1.00,11.00
506,2561,977.00,12.00,253.00,16.00,12.00,101.00
507,2563,1.00,9.00,7.00,2.00,14.00,10.00
508,2564,111.00,3.00,28.00,2.00,6.00,15.00
509,2565,1016.00,12.00,215.00,16.00,12.00,63.00
510,2569,3.00,14.00,17.00,6.00,1.00,5.00
511,2570,691.00,7.00,61.00,10.00,0.00,46.00
512,2574,1050.00,12.00,144.00,0.00,0.00,24.00
513,2579,495.00,33.00,255.00,11.00,33.00,8.00
514,2587,14.00,0.00,6.00,0.00,0.00,0.00
515,2589,25.00,3.00,16.00,8.00,5.00,2.00
516,2591,526.00,35.00,214.00,69.00,53.00,35.00
517,2607,424.00,17.00,118.00,7.00,23.00,41.00
518,2611,1206.00,55.00,445.00,168.00,18.00,18.00
519,2612,754.00,160.00,625.00,63.00,32.00,48.00
520,2613,162.00,6.00,37.00,6.00,13.00,13.00
521,2620,14.00,0.00,2.00,0.00,0.00,7.00
522,2625,156.00,29.00,56.00,30.00,32.00,47.00
523,2631,358.00,108.00,413.00,141.00,97.00,32.00
524,2632,297.00,0.00,38.00,13.00,0.00,152.00
525,2634,5.00,7.00,31.00,15.00,4.00,7.00
526,2639,19.00,5.00,12.00,10.00,3.00,19.00
527,2656,23.00,1.00,7.00,0.00,4.00,24.00
528,2661,12.00,4.00,2.00,10.00,6.00,10.00
529,2666,519.00,50.00,167.00,130.00,0.00,41.00
530,2669,375.00,152.00,335.00,93.00,91.00,81.00
531,2674,543.00,10.00,205.00,160.00,143.00,82.00
532,2677,72.00,24.00,68.00,65.00,4.00,8.00
533,2678,52.00,12.00,50.00,4.00,36.00,55.00
534,2681,71.00,22.00,112.00,138.00,89.00,29.00
535,2683,295.00,106.00,271.00,75.00,98.00,65.00
536,2686,0.00,1.00,4.00,15.00,1.00,5.00
537,2694,21.00,0.00,3.00,0.00,0.00,0.00
538,2698,254.00,7.00,108.00,20.00,0.00,26.00
539,2711,9.00,1.00,5.00,4.00,5.00,7.00
540,2712,184.00,178.00,178.00,103.00,39.00,33.00
541,2715,70.00,3.00,37.00,4.00,2.00,64.00
542,2724,12.00,0.00,1.00,0.00,0.00,6.00
543,2727,181.00,21.00,69.00,39.00,3.00,96.00
544,2730,536.00,11.00,387.00,149.00,91.00,57.00
545,2736,366.00,124.00,156.00,71.00,78.00,54.00
546,2740,62.00,1.00,16.00,3.00,2.00,6.00
547,2747,864.00,134.00,768.00,150.00,38.00,172.00
548,2781,1003.00,34.00,536.00,134.00,51.00,34.00
549,2782,352.00,0.00,27.00,10.00,0.00,15.00
550,2793,532.00,88.00,168.00,69.00,44.00,133.00
551,2795,5.00,0.00,3.00,0.00,0.00,5.00
552,2797,707.00,20.00,171.00,65.00,60.00,50.00
553,2798,763.00,29.00,138.00,76.00,176.00,58.00
554,2802,196.00,25.00,607.00,67.00,17.00,49.00
555,2804,57.00,0.00,27.00,0.00,0.00,36.00
556,2807,656.00,38.00,161.00,62.00,47.00,37.00
557,2811,52.00,0.00,9.00,0.00,0.00,1.00
558,2814,9.00,1.00,5.00,4.00,5.00,7.00
559,2815,7.00,5.00,39.00,17.00,15.00,37.00
560,2826,25.00,0.00,8.00,2.00,0.00,2.00
561,2829,626.00,0.00,70.00,0.00,7.00,28.00
562,2831,453.00,38.00,279.00,188.00,38.00,183.00
563,2836,10.00,1.00,7.00,0.00,0.00,1.00
564,2849,265.00,199.00,303.00,234.00,9.00,170.00
565,2853,60.00,51.00,87.00,6.00,20.00,51.00
566,2861,9.00,1.00,6.00,3.00,0.00,4.00
567,2863,738.00,20.00,172.00,52.00,50.00,20.00
568,2868,20.00,1.00,28.00,3.00,3.00,2.00
569,2870,376.00,0.00,38.00,11.00,8.00,69.00
570,2874,6.00,4.00,7.00,4.00,3.00,8.00
571,2875,444.00,44.00,382.00,11.00,8.00,17.00
572,2877,410.00,0.00,59.00,19.00,9.00,44.00
573,2878,162.00,31.00,127.00,8.00,17.00,69.00
574,2882,711.00,28.00,142.00,49.00,18.00,47.00
575,2886,1121.00,0.00,72.00,0.00,12.00,12.00
576,2891,595.00,23.00,123.00,10.00,23.00,154.00
577,2894,1067.00,138.00,750.00,0.00,19.00,39.00
578,2895,104.00,1.00,54.00,13.00,9.00,14.00
579,2902,19.00,4.00,12.00,2.00,2.00,6.00
580,2909,934.00,24.00,230.00,16.00,24.00,36.00
581,2918,44.00,5.00,19.00,0.00,4.00,19.00
582,2920,789.00,0.00,142.00,12.00,9.00,38.00
583,2926,1241.00,0.00,80.00,0.00,13.00,40.00
584,2928,789.00,0.00,142.00,12.00,9.00,38.00
585,2929,18.00,42.00,24.00,15.00,20.00,18.00
586,2930,852.00,60.00,207.00,78.00,36.00,48.00
587,2931,737.00,21.00,106.00,55.00,63.00,210.00
588,2936,18.00,0.00,4.00,0.00,0.00,1.00
589,2937,614.00,16.00,132.00,43.00,33.00,33.00
590,2939,751.00,127.00,687.00,20.00,15.00,31.00
591,2942,305.00,3.00,27.00,4.00,3.00,144.00
592,2945,38.00,0.00,2.00,0.00,0.00,6.00
593,2948,104.00,12.00,48.00,4.00,12.00,5.00
594,2952,29.00,3.00,30.00,3.00,2.00,9.00
595,2958,19.00,3.00,10.00,11.00,8.00,6.00
596,2961,175.00,10.00,110.00,54.00,6.00,27.00
597,2963,709.00,93.00,374.00,104.00,80.00,80.00
598,2964,3.00,10.00,8.00,3.00,16.00,32.00
599,2968,437.00,8.00,206.00,160.00,49.00,42.00
600,2975,717.00,42.00,864.00,219.00,30.00,84.00
601,2980,12.00,0.00,13.00,4.00,2.00,4.00
602,2986,7.00,2.00,4.00,2.00,1.00,4.00
603,2995,291.00,10.00,689.00,84.00,10.00,0.00
604,3005,530.00,117.00,678.00,134.00,44.00,147.00
605,3006,17.00,0.00,14.00,7.00,3.00,2.00
606,3007,27.00,2.00,10.00,0.00,0.00,1.00
607,3009,1462.00,16.00,128.00,0.00,0.00,160.00
608,3010,957.00,153.00,612.00,99.00,95.00,153.00
609,3011,86.00,12.00,75.00,33.00,15.00,6.00
610,3025,212.00,6.00,69.00,4.00,12.00,3.00
611,3032,28.00,34.00,62.00,11.00,14.00,44.00
612,3033,112.00,17.00,44.00,34.00,22.00,89.00
613,3037,135.00,46.00,92.00,65.00,61.00,11.00
614,3050,185.00,0.00,28.00,3.00,2.00,17.00
615,3056,587.00,43.00,337.00,42.00,87.00,54.00
616,3066,167.00,0.00,43.00,6.00,2.00,13.00
617,3068,1.00,12.00,9.00,0.00,14.00,7.00
618,3074,1218.00,107.00,304.00,23.00,143.00,33.00
619,3075,130.00,30.00,168.00,20.00,34.00,0.00
620,3076,452.00,18.00,102.00,16.00,18.00,6.00
621,3081,7.00,2.00,6.00,2.00,0.00,3.00
622,3083,215.00,13.00,87.00,17.00,17.00,24.00
623,3091,340.00,21.00,134.00,258.00,14.00,56.00
624,3099,183.00,5.00,65.00,3.00,5.00,49.00
625,3102,2.00,3.00,12.00,3.00,5.00,7.00
626,3104,830.00,59.00,968.00,51.00,79.00,19.00
627,3107,121.00,24.00,124.00,24.00,15.00,42.00
628,3112,2.00,4.00,9.00,0.00,4.00,5.00
629,3117,264.00,0.00,21.00,12.00,6.00,147.00
630,3120,6.00,1.00,10.00,0.00,1.00,4.00
631,3129,5.00,3.00,11.00,12.00,5.00,9.00
632,3130,12.00,4.00,2.00,10.00,6.00,10.00
633,3136,317.00,25.00,265.00,25.00,19.00,12.00
634,3138,1324.00,27.00,119.00,71.00,108.00,27.00
635,3139,871.00,111.00,704.00,145.00,55.00,166.00
636,3152,15.00,10.00,19.00,8.00,17.00,20.00
637,3153,11.00,0.00,4.00,0.00,0.00,2.00
638,3158,13.00,3.00,6.00,6.00,5.00,6.00
639,3170,389.00,66.00,408.00,37.00,57.00,85.00
640,3174,1492.00,38.00,287.00,50.00,57.00,33.00
641,3179,249.00,153.00,940.00,58.00,134.00,38.00
642,3182,96.00,1.00,79.00,7.00,1.00,79.00
643,3194,412.00,12.00,546.00,78.00,182.00,0.00
644,3197,275.00,59.00,107.00,69.00,101.00,59.00
645,3202,1166.00,0.00,48.00,0.00,0.00,36.00
646,3220,29.00,12.00,59.00,19.00,1.00,36.00
647,3225,116.00,11.00,72.00,3.00,17.00,46.00
648,3231,5.00,4.00,10.00,2.00,2.00,7.00
649,3233,562.00,21.00,464.00,28.00,10.00,32.00
650,3254,407.00,70.00,239.00,103.00,88.00,53.00
651,3262,995.00,112.00,417.00,42.00,48.00,41.00
652,3265,21.00,1.00,9.00,7.00,3.00,5.00
653,3266,14.00,36.00,11.00,3.00,26.00,35.00
654,3267,527.00,0.00,21.00,0.00,0.00,60.00
655,3270,12.00,23.00,38.00,30.00,18.00,7.00
656,3276,11.00,12.00,35.00,3.00,5.00,12.00
657,3277,219.00,3.00,100.00,26.00,0.00,17.00
658,3281,206.00,10.00,67.00,30.00,27.00,71.00
659,3283,200.00,193.00,100.00,46.00,185.00,185.00
660,3286,13.00,2.00,15.00,2.00,2.00,8.00
661,3298,856.00,0.00,76.00,12.00,9.00,199.00
662,3308,30.00,9.00,12.00,2.00,11.00,30.00
663,3310,73.00,3.00,90.00,12.00,1.00,32.00
664,3312,5.00,7.00,24.00,19.00,14.00,20.00
665,3321,421.00,5.00,90.00,0.00,16.00,10.00
666,3332,64.00,4.00,68.00,7.00,5.00,17.00
667,3334,879.00,143.00,797.00,106.00,143.00,143.00
668,3336,712.00,0.00,45.00,0.00,0.00,191.00
669,3340,244.00,15.00,108.00,4.00,15.00,50.00
670,3363,0.00,6.00,3.00,7.00,6.00,12.00
671,3376,125.00,6.00,73.00,8.00,4.00,19.00
672,3381,70.00,0.00,16.00,0.00,0.00,4.00
673,3386,34.00,4.00,66.00,3.00,10.00,20.00
674,3388,129.00,26.00,67.00,3.00,67.00,2.00
675,3389,726.00,53.00,363.00,123.00,107.00,161.00
676,3403,1170.00,19.00,594.00,99.00,76.00,134.00
677,3406,138.00,33.00,87.00,28.00,24.00,12.00
678,3409,141.00,8.00,129.00,3.00,11.00,47.00
679,3412,815.00,8.00,53.00,11.00,0.00,70.00
680,3421,635.00,15.00,100.00,20.00,7.00,131.00
681,3422,1115.00,12.00,128.00,33.00,12.00,76.00
682,3426,1045.00,61.00,338.00,60.00,46.00,46.00
683,3427,629.00,0.00,70.00,0.00,0.00,35.00
684,3428,919.00,0.00,505.00,99.00,30.00,45.00
685,3433,390.00,22.00,323.00,104.00,35.00,107.00
686,3434,483.00,72.00,567.00,94.00,12.00,108.00
687,3436,11.00,0.00,5.00,2.00,1.00,1.00
688,3439,157.00,6.00,39.00,6.00,13.00,75.00
689,3445,216.00,162.00,224.00,101.00,92.00,162.00
690,3463,674.00,62.00,134.00,0.00,26.00,8.00
691,3469,19.00,18.00,33.00,24.00,1.00,8.00
692,3478,267.00,42.00,309.00,55.00,42.00,21.00
693,3479,4.00,8.00,11.00,12.00,2.00,13.00
694,3483,1039.00,43.00,204.00,153.00,58.00,29.00
695,3491,384.00,60.00,364.00,119.00,101.00,232.00
696,3498,462.00,61.00,184.00,10.00,53.00,107.00
697,3503,255.00,47.00,573.00,52.00,32.00,15.00
698,3507,676.00,161.00,426.00,210.00,44.00,58.00
699,3515,87.00,13.00,34.00,10.00,6.00,10.00
700,3517,50.00,4.00,44.00,10.00,10.00,43.00
701,3518,10.00,1.00,18.00,10.00,4.00,7.00
702,3520,162.00,28.00,818.00,0.00,28.00,56.00
703,3523,583.00,34.00,309.00,0.00,22.00,125.00
704,3524,80.00,1.00,60.00,4.00,6.00,16.00
705,3525,12.00,0.00,4.00,0.00,0.00,1.00
706,3526,32.00,0.00,5.00,0.00,0.00,1.00
707,3535,251.00,108.00,334.00,65.00,92.00,117.00
708,3536,7.00,11.00,3.00,10.00,4.00,20.00
709,3537,31.00,3.00,31.00,2.00,8.00,4.00
710,3547,14.00,7.00,9.00,6.00,16.00,12.00
711,3551,62.00,1.00,57.00,19.00,11.00,48.00
712,3559,12.00,11.00,10.00,3.00,12.00,9.00
713,3560,901.00,31.00,345.00,75.00,31.00,191.00
714,3565,56.00,0.00,14.00,0.00,0.00,2.00
715,3570,159.00,2.00,51.00,6.00,2.00,24.00
716,3571,918.00,21.00,118.00,13.00,10.00,21.00
717,3578,122.00,21.00,43.00,25.00,10.00,15.00
718,3584,1181.00,26.00,120.00,17.00,13.00,39.00
719,3594,539.00,6.00,91.00,8.00,6.00,97.00
720,3595,631.00,43.00,239.00,128.00,76.00,21.00
721,3598,441.00,35.00,83.00,7.00,29.00,11.00
722,3599,575.00,80.00,428.00,208.00,93.00,80.00
723,3602,140.00,3.00,29.00,4.00,5.00,14.00
724,3619,345.00,25.00,501.00,63.00,138.00,80.00
725,3623,4.00,0.00,16.00,17.00,4.00,4.00
726,3628,4.00,8.00,11.00,19.00,12.00,26.00
727,3629,76.00,3.00,31.00,4.00,4.00,27.00
728,3635,492.00,0.00,37.00,7.00,0.00,42.00
729,3641,10.00,2.00,15.00,2.00,1.00,6.00
730,3643,750.00,8.00,125.00,11.00,8.00,26.00
731,3645,19.00,3.00,26.00,10.00,9.00,3.00
732,3657,94.00,1.00,33.00,13.00,12.00,12.00
733,3661,594.00,51.00,631.00,72.00,55.00,32.00
734,3665,1.00,9.00,8.00,11.00,3.00,22.00
735,3667,778.00,178.00,689.00,41.00,27.00,44.00
736,3673,371.00,17.00,238.00,23.00,24.00,106.00
737,3678,488.00,23.00,71.00,15.00,0.00,59.00
738,3690,1184.00,102.00,673.00,52.00,40.00,40.00
739,3696,27.00,1.00,12.00,2.00,0.00,10.00
740,3697,69.00,8.00,26.00,12.00,7.00,12.00
741,3698,817.00,185.00,687.00,145.00,55.00,241.00
742,3706,19.00,8.00,29.00,0.00,12.00,26.00
743,3710,19.00,0.00,35.00,6.00,4.00,17.00
744,3711,1035.00,134.00,670.00,25.00,38.00,0.00
745,3712,212.00,5.00,33.00,7.00,0.00,2.00
746,3717,403.00,24.00,29.00,6.00,24.00,218.00
747,3722,31.00,1.00,8.00,0.00,0.00,8.00
748,3725,1248.00,16.00,349.00,43.00,16.00,16.00
749,3726,4.00,1.00,9.00,3.00,0.00,0.00
750,3732,393.00,0.00,239.00,90.00,69.00,69.00
751,3745,5.00,36.00,7.00,0.00,10.00,45.00
752,3749,627.00,91.00,597.00,159.00,91.00,15.00
753,3759,743.00,19.00,181.00,12.00,0.00,200.00
754,3762,196.00,0.00,512.00,33.00,130.00,54.00
755,3766,100.00,71.00,243.00,108.00,94.00,219.00
756,3767,378.00,0.00,189.00,97.00,172.00,172.00
757,3769,25.00,1.00,13.00,0.00,0.00,3.00
758,3783,105.00,0.00,10.00,0.00,1.00,0.00
759,3790,8.00,1.00,5.00,0.00,0.00,1.00
760,3798,24.00,2.00,23.00,0.00,8.00,24.00
761,3799,315.00,35.00,322.00,46.00,7.00,143.00
762,3807,473.00,21.00,176.00,19.00,21.00,56.00
763,3828,533.00,10.00,217.00,198.00,174.00,195.00
764,3829,1.00,3.00,6.00,10.00,0.00,9.00
765,3830,295.00,21.00,78.00,39.00,13.00,13.00
766,3834,231.00,161.00,215.00,171.00,30.00,53.00
767,3839,6.00,12.00,3.00,21.00,6.00,40.00
768,3846,192.00,5.00,53.00,0.00,5.00,15.00
769,3850,3.00,3.00,3.00,15.00,4.00,15.00
770,3852,505.00,72.00,270.00,36.00,27.00,54.00
771,3855,30.00,3.00,47.00,19.00,21.00,42.00
772,3856,571.00,50.00,142.00,33.00,50.00,159.00
773,3859,410.00,112.00,420.00,0.00,82.00,71.00
774,3865,2.00,12.00,10.00,6.00,13.00,30.00
775,3867,410.00,112.00,420.00,0.00,82.00,71.00
776,3870,359.00,35.00,314.00,93.00,116.00,89.00
777,3878,3.00,4.00,7.00,15.00,8.00,11.00
778,3885,16.00,2.00,18.00,3.00,0.00,24.00
779,3887,3.00,17.00,26.00,20.00,1.00,39.00
780,3896,22.00,1.00,11.00,0.00,1.00,2.00
781,3900,642.00,14.00,49.00,0.00,7.00,57.00
782,3910,897.00,161.00,430.00,186.00,161.00,27.00
783,3916,639.00,8.00,166.00,11.00,8.00,58.00
784,3919,960.00,0.00,883.00,50.00,38.00,0.00
785,3921,24.00,1.00,108.00,29.00,29.00,14.00
786,3924,801.00,0.00,80.00,0.00,0.00,35.00
787,3933,186.00,36.00,234.00,86.00,72.00,48.00
788,3934,356.00,0.00,107.00,19.00,9.00,117.00
789,3945,618.00,44.00,215.00,0.00,17.00,36.00
790,3955,2.00,1.00,1.00,1.00,0.00,1.00
791,3967,331.00,197.00,170.00,58.00,152.00,35.00
792,3968,918.00,10.00,129.00,13.00,0.00,129.00
793,3969,35.00,4.00,17.00,7.00,6.00,64.00
794,3972,266.00,6.00,51.00,8.00,6.00,64.00
795,3979,982.00,17.00,672.00,23.00,34.00,51.00
796,4001,406.00,0.00,30.00,0.00,0.00,8.00
797,4002,463.00,96.00,333.00,168.00,53.00,10.00
798,4012,799.00,12.00,375.00,16.00,12.00,12.00
799,4023,16.00,17.00,19.00,20.00,21.00,22.00
800,4037,3.00,1.00,3.00,8.00,0.00,5.00
801,4042,91.00,3.00,52.00,2.00,1.00,31.00
802,4047,384.00,0.00,102.00,21.00,32.00,5.00
803,4050,42.00,16.00,29.00,12.00,20.00,8.00
804,4055,2.00,10.00,11.00,12.00,9.00,20.00
805,4058,618.00,15.00,106.00,20.00,7.00,45.00
806,4065,308.00,0.00,73.00,0.00,0.00,23.00
807,4066,1.00,5.00,8.00,4.00,8.00,20.00
808,4070,169.00,24.00,553.00,188.00,0.00,144.00
809,4073,769.00,80.00,252.00,15.00,34.00,65.00
810,4084,224.00,155.00,155.00,192.00,93.00,54.00
811,4086,6.00,1.00,7.00,23.00,4.00,19.00
812,4088,108.00,1.00,28.00,13.00,1.00,4.00
813,4093,216.00,9.00,57.00,20.00,9.00,125.00
814,4094,201.00,2.00,43.00,3.00,5.00,35.00
815,4095,167.00,37.00,64.00,49.00,34.00,116.00
816,4096,112.00,19.00,21.00,16.00,14.00,5.00
817,4098,20.00,3.00,16.00,0.00,4.00,1.00
818,4099,10.00,2.00,16.00,11.00,2.00,21.00
819,4102,11.00,1.00,2.00,2.00,1.00,6.00
820,4107,269.00,15.00,69.00,15.00,19.00,38.00
821,4114,650.00,37.00,780.00,27.00,167.00,32.00
822,4119,112.00,17.00,44.00,34.00,22.00,89.00
823,4120,88.00,39.00,78.00,58.00,13.00,93.00
824,4122,504.00,23.00,117.00,179.00,28.00,44.00
825,4127,1004.00,59.00,265.00,115.00,59.00,27.00
826,4128,517.00,12.00,54.00,16.00,6.00,120.00
827,4136,10.00,17.00,18.00,8.00,26.00,40.00
828,4137,398.00,40.00,367.00,119.00,122.00,30.00
829,4138,411.00,106.00,147.00,54.00,115.00,66.00
830,4141,426.00,49.00,127.00,111.00,21.00,42.00
831,4148,164.00,24.00,103.00,12.00,3.00,42.00
832,4149,586.00,66.00,653.00,17.00,0.00,26.00
833,4168,231.00,7.00,137.00,4.00,15.00,39.00
834,4174,97.00,1.00,19.00,2.00,0.00,11.00
835,4179,8.00,9.00,9.00,2.00,5.00,22.00
836,4184,189.00,2.00,29.00,3.00,2.00,40.00
837,4186,18.00,6.00,15.00,12.00,8.00,17.00
838,4188,204.00,5.00,39.00,17.00,0.00,89.00
839,4198,9.00,1.00,3.00,0.00,4.00,8.00
840,4200,167.00,2.00,62.00,24.00,13.00,7.00
841,4201,229.00,7.00,137.00,4.00,0.00,91.00
842,4207,1001.00,44.00,107.00,58.00,44.00,44.00
843,4211,4.00,12.00,5.00,3.00,16.00,17.00
844,4216,822.00,114.00,108.00,179.00,137.00,114.00
845,4220,73.00,0.00,13.00,0.00,1.00,0.00
846,4227,28.00,0.00,13.00,4.00,2.00,8.00
847,4240,4.00,9.00,16.00,17.00,0.00,12.00
848,4246,67.00,11.00,26.00,4.00,3.00,262.00
849,4248,1000.00,19.00,711.00,125.00,115.00,38.00
850,4252,213.00,5.00,28.00,7.00,7.00,41.00
851,4259,6.00,0.00,4.00,0.00,0.00,0.00
852,4261,1006.00,22.00,115.00,59.00,68.00,45.00
853,4268,129.00,0.00,21.00,0.00,1.00,7.00
854,4271,46.00,35.00,69.00,84.00,41.00,66.00
855,4278,910.00,111.00,724.00,49.00,74.00,55.00
856,4279,15.00,4.00,10.00,3.00,4.00,18.00
857,4286,580.00,6.00,58.00,8.00,0.00,27.00
858,4290,1.00,3.00,8.00,2.00,5.00,5.00
859,4297,13.00,2.00,18.00,6.00,1.00,0.00
860,4298,5.00,0.00,4.00,0.00,0.00,1.00
861,4299,1001.00,17.00,572.00,93.00,125.00,17.00
862,4301,23.00,1.00,13.00,2.00,2.00,18.00
863,4303,107.00,2.00,12.00,2.00,2.00,12.00
864,4310,507.00,93.00,520.00,242.00,40.00,26.00
865,4320,325.00,83.00,300.00,86.00,58.00,91.00
866,4322,881.00,38.00,319.00,16.00,25.00,12.00
867,4324,235.00,0.00,235.00,19.00,4.00,191.00
868,4328,5.00,1.00,7.00,17.00,14.00,11.00
869,4329,6.00,0.00,6.00,2.00,1.00,1.00
870,4331,913.00,26.00,376.00,17.00,26.00,13.00
871,4333,41.00,0.00,10.00,0.00,0.00,3.00
872,4338,23.00,0.00,9.00,0.00,0.00,12.00
873,4339,702.00,17.00,151.00,0.00,8.00,35.00
874,4345,5.00,1.00,9.00,2.00,0.00,4.00
875,4351,18.00,2.00,10.00,0.00,0.00,25.00
876,4356,1224.00,28.00,140.00,0.00,14.00,168.00
877,4368,42.00,7.00,43.00,20.00,12.00,10.00
878,4369,240.00,67.00,500.00,199.00,0.00,163.00
879,4370,18.00,1.00,32.00,6.00,3.00,28.00
880,4376,10.00,24.00,15.00,13.00,1.00,30.00
881,4377,254.00,10.00,44.00,30.00,10.00,227.00
882,4381,163.00,2.00,40.00,8.00,11.00,11.00
883,4385,23.00,0.00,15.00,0.00,2.00,7.00
884,4390,459.00,15.00,171.00,142.00,23.00,31.00
885,4391,635.00,15.00,100.00,20.00,7.00,131.00
886,4394,1142.00,29.00,249.00,38.00,29.00,14.00
887,4399,458.00,81.00,356.00,106.00,50.00,40.00
888,4405,622.00,7.00,115.00,30.00,0.00,15.00
889,4406,846.00,84.00,352.00,91.00,56.00,42.00
890,4415,10.00,4.00,4.00,3.00,3.00,14.00
891,4418,671.00,47.00,655.00,145.00,111.00,15.00
892,4426,367.00,4.00,51.00,6.00,4.00,95.00
893,4427,536.00,27.00,590.00,38.00,107.00,67.00
894,4432,2.00,3.00,20.00,6.00,11.00,9.00
895,4436,18.00,42.00,24.00,15.00,20.00,18.00
896,4437,112.00,6.00,92.00,3.00,9.00,38.00
897,4440,509.00,0.00,27.00,0.00,0.00,10.00
898,4442,31.00,19.00,35.00,26.00,14.00,52.00
899,4444,11.00,0.00,16.00,7.00,6.00,21.00
900,4452,292.00,6.00,37.00,0.00,3.00,34.00
901,4459,10.00,4.00,14.00,4.00,4.00,1.00
902,4470,62.00,1.00,44.00,6.00,5.00,22.00
903,4472,23.00,0.00,8.00,6.00,2.00,18.00
904,4475,1315.00,22.00,780.00,145.00,0.00,178.00
905,4477,247.00,49.00,159.00,7.00,82.00,109.00
906,4478,457.00,5.00,106.00,15.00,17.00,53.00
907,4480,365.00,3.00,15.00,4.00,3.00,11.00
908,4483,315.00,26.00,473.00,220.00,12.00,182.00
909,4487,15.00,20.00,25.00,2.00,7.00,26.00
910,4491,1099.00,0.00,45.00,0.00,0.00,34.00
911,4500,919.00,0.00,505.00,99.00,30.00,45.00
912,4501,292.00,127.00,635.00,132.00,127.00,165.00
913,4507,631.00,28.00,491.00,30.00,14.00,56.00
914,4508,203.00,35.00,305.00,46.00,17.00,227.00
915,4518,386.00,172.00,183.00,185.00,132.00,111.00
916,4530,972.00,19.00,595.00,180.00,26.00,138.00
917,4541,116.00,6.00,82.00,6.00,6.00,41.00
918,4543,777.00,129.00,573.00,216.00,21.00,203.00
919,4547,6.00,2.00,9.00,2.00,1.00,5.00
920,4548,23.00,4.00,10.00,0.00,2.00,15.00
921,4550,61.00,0.00,3.00,0.00,0.00,7.00
922,4552,83.00,2.00,101.00,64.00,26.00,117.00
923,4554,171.00,45.00,73.00,59.00,10.00,90.00
924,4557,10.00,7.00,19.00,8.00,2.00,21.00
925,4580,1394.00,22.00,708.00,89.00,91.00,182.00
926,4587,162.00,25.00,53.00,16.00,0.00,10.00
927,4597,889.00,55.00,685.00,168.00,92.00,129.00
928,4599,411.00,0.00,26.00,0.00,0.00,21.00
929,4603,371.00,32.00,189.00,0.00,58.00,6.00
930,4607,227.00,23.00,389.00,42.00,21.00,75.00
931,4608,163.00,23.00,424.00,27.00,65.00,76.00
932,4609,383.00,0.00,53.00,6.00,4.00,40.00
933,4611,1009.00,181.00,104.00,202.00,21.00,207.00
934,4619,6.00,2.00,3.00,1.00,262.00,3.00
935,4637,960.00,64.00,464.00,146.00,0.00,16.00
936,4640,561.00,85.00,171.00,25.00,123.00,114.00
937,4643,8.00,26.00,46.00,38.00,9.00,49.00
938,4646,207.00,26.00,447.00,75.00,0.00,223.00
939,4653,131.00,0.00,16.00,2.00,1.00,39.00
940,4654,571.00,12.00,523.00,63.00,60.00,24.00
941,4656,342.00,32.00,230.00,34.00,32.00,40.00
942,4669,4.00,19.00,9.00,28.00,25.00,17.00
943,4673,1004.00,12.00,145.00,32.00,12.00,36.00
944,4676,612.00,91.00,520.00,258.00,107.00,107.00
945,4679,721.00,0.00,152.00,119.00,50.00,50.00
946,4682,99.00,27.00,102.00,28.00,48.00,6.00
947,4686,861.00,31.00,558.00,62.00,95.00,79.00
948,4687,674.00,92.00,736.00,39.00,0.00,92.00
949,4690,443.00,10.00,75.00,0.00,10.00,48.00
950,4692,7.00,0.00,12.00,13.00,7.00,32.00
951,4697,248.00,3.00,81.00,4.00,3.00,51.00
952,4698,135.00,46.00,92.00,65.00,61.00,11.00
953,4702,1000.00,155.00,379.00,224.00,17.00,120.00
954,4706,29.00,0.00,5.00,0.00,1.00,5.00
955,4712,8.00,8.00,22.00,24.00,11.00,9.00
956,4713,74.00,0.00,42.00,2.00,1.00,6.00
957,4725,30.00,2.00,25.00,0.00,1.00,9.00
958,4741,391.00,32.00,70.00,21.00,32.00,16.00
959,4743,689.00,8.00,167.00,11.00,8.00,88.00
960,4749,368.00,24.00,68.00,38.00,0.00,88.00
961,4754,30.00,11.00,33.00,13.00,6.00,29.00
962,4756,176.00,29.00,818.00,0.00,33.00,112.00
963,4764,45.00,12.00,52.00,25.00,22.00,13.00
964,4767,635.00,114.00,254.00,132.00,152.00,76.00
965,4769,456.00,4.00,24.00,0.00,0.00,9.00
966,4785,520.00,7.00,154.00,19.00,0.00,14.00
967,4786,555.00,82.00,257.00,93.00,61.00,61.00
968,4789,769.00,22.00,500.00,210.00,143.00,33.00
969,4790,574.00,8.00,216.00,21.00,16.00,33.00
970,4791,19.00,1.00,17.00,2.00,0.00,2.00
971,4796,18.00,10.00,3.00,3.00,5.00,0.00
972,4808,1.00,2.00,5.00,6.00,0.00,3.00
973,4817,3.00,2.00,7.00,0.00,4.00,2.00
974,4827,154.00,22.00,202.00,39.00,30.00,8.00
975,4828,71.00,99.00,278.00,185.00,121.00,38.00
976,4832,6.00,5.00,17.00,3.00,24.00,46.00
977,4837,753.00,43.00,226.00,69.00,10.00,204.00
978,4838,5.00,1.00,8.00,0.00,0.00,1.00
979,4843,203.00,35.00,305.00,46.00,17.00,227.00
980,4855,14.00,0.00,24.00,3.00,3.00,2.00
981,4856,556.00,54.00,845.00,202.00,133.00,63.00
982,4860,7.00,2.00,8.00,3.00,2.00,3.00
983,4864,72.00,7.00,58.00,13.00,1.00,24.00
984,4865,229.00,7.00,140.00,10.00,3.00,11.00
985,4867,58.00,0.00,18.00,2.00,0.00,10.00
986,4877,34.00,0.00,7.00,0.00,0.00,0.00
987,4887,10.00,5.00,28.00,11.00,1.00,8.00
988,4910,1132.00,134.00,384.00,175.00,134.00,115.00
989,4915,176.00,72.00,98.00,136.00,21.00,229.00
990,4927,8.00,3.00,22.00,21.00,1.00,13.00
991,4931,1.00,0.00,1725.00,2.00,1.00,1.00
992,4937,12.00,2.00,20.00,3.00,2.00,5.00
993,4939,84.00,5.00,38.00,150.00,12.00,28.00
994,4943,1379.00,33.00,216.00,0.00,33.00,66.00
995,4944,227.00,23.00,389.00,42.00,21.00,75.00
996,4945,815.00,10.00,239.00,28.00,10.00,108.00
997,4947,606.00,24.00,974.00,197.00,194.00,64.00
998,4954,106.00,27.00,68.00,52.00,7.00,5.00
999,4961,29.00,0.00,25.00,2.00,2.00,3.00
1000,4964,680.00,11.00,392.00,75.00,0.00,0.00
